"Region","Region_crops","Fat_value","Calories_value","Food_weight_value","Protein_value","Fat_percentage","Calories_percentage","Food_weight_percentage","Protein_percentage"
"Africa_Central","Africa_Central",13.66,376.88,91.51,8.28,0.336785009861933,0.171293518771021,0.0570550349462868,0.190257352941176
"Africa_Central","Africa_East",3.41,186.9,57.48,6.33,0.0840729783037475,0.0849468230160895,0.0358378691805548,0.145450367647059
"Africa_Central","Africa_Southern",2.19,169.61,52.11,5.82,0.0539940828402367,0.0770884465048632,0.0324897592727681,0.133731617647059
"Africa_Central","Africa_West",13.91,441.69,141.15,9.31,0.342948717948718,0.20074993182438,0.0880047883583039,0.213924632352941
"Africa_Central","America_Caribbean",0.98,45,41.63,0.75,0.0241617357001972,0.0204526861194437,0.0259556453372738,0.0172334558823529
"Africa_Central","America_Central_and_Mexico",17.42,1020.46,423.62,15.39,0.42948717948718,0.463803290609945,0.264120357381117,0.353630514705882
"Africa_Central","America_North",0.1,6.7,7.1,0,0.002465483234714,0.00304517771111717,0.00442673749446658,0
"Africa_Central","America_South_andean",0.27,112.83,94.02,5.76,0.00665680473372781,0.0512817016634851,0.0586199801732039,0.132352941176471
"Africa_Central","America_South_temperate",0,0,0.42,0.04,0,0,0.000261863344743093,0.000919117647058824
"Africa_Central","America_South_tropical",24.5,786.2,408.84,8.3,0.604043392504931,0.357331151713481,0.254905261582777,0.190716911764706
"Africa_Central","Asia_Central",0.85,248.64,180.11,6.41,0.020956607495069,0.113007908371966,0.112295731003997,0.147288602941176
"Africa_Central","Asia_East",4.41,168.8,54.94,3.38,0.108727810650888,0.0767202981547132,0.0342542194290132,0.0776654411764706
"Africa_Central","Asia_South",2.35,516.87,324.64,8.79,0.0579388560157791,0.23491955276793,0.202407895803328,0.201976102941176
"Africa_Central","Asia_Southeast",0.93,467.26,312.45,6.11,0.0229289940828402,0.212371602581583,0.194807623964237,0.140395220588235
"Africa_Central","Asia_West",2.33,305.5,198.8,9.2,0.0574457593688363,0.138851013544223,0.123948649845064,0.211397058823529
"Africa_Central","Europe_Eastern_north",0.04,110.77,45.11,0.08,0.000986193293885602,0.0503454231433506,0.0281253701937165,0.00183823529411765
"Africa_Central","Europe_Eastern_south",0.12,113.89,45.53,0.19,0.0029585798816568,0.051763476047632,0.0283872335384596,0.00436580882352941
"Africa_Central","Europe_Western_north",0.04,110.77,45.11,0.08,0.000986193293885602,0.0503454231433506,0.0281253701937165,0.00183823529411765
"Africa_Central","Europe_Western_south",0.12,113.89,45.53,0.19,0.0029585798816568,0.051763476047632,0.0283872335384596,0.00436580882352941
"Africa_Central","Mediterranean_SouthandEast",1.23,401.19,235.46,8.94,0.0303254437869822,0.18234251431688,0.146805578936211,0.205422794117647
"Africa_Central","Not_Specified",3.44,116.12,198.66,3.31,0.0848126232741617,0.0527770202708845,0.123861362063483,0.0760569852941176
"Africa_Central","Pacific_Region_tropical",0.28,36.05,41.07,0.6,0.00690335305719921,0.0163848741023543,0.0256064942109496,0.0137867647058824
"Africa_East","Africa_Central",10.01,402.47,114.46,12.51,0.375046834020232,0.211561307414922,0.114185953711093,0.270544982698962
"Africa_East","Africa_East",6.06,389.14,119.48,14.33,0.227051330086175,0.20455429514608,0.119193934557063,0.309904844290657
"Africa_East","Africa_Southern",3.72,351.6,110.36,12.88,0.139378044211315,0.184821118809071,0.110095770151636,0.278546712802768
"Africa_East","Africa_West",10.51,458.8,135.34,13.9,0.393780442113151,0.241171585067126,0.135015961691939,0.30060553633218
"Africa_East","America_Caribbean",0.57,85.28,54.94,0.99,0.0213563132259273,0.0448280574858861,0.0548084596967279,0.0214100346020761
"Africa_East","America_Central_and_Mexico",10.59,654.99,292.84,13.9,0.396777819408018,0.344300297522051,0.292138866719872,0.30060553633218
"Africa_East","America_North",1.88,17.81,2.7,0.06,0.0704383664293743,0.0093619571273878,0.00269353551476457,0.00129757785467128
"Africa_East","America_South_andean",0.33,94.18,82.99,4.42,0.0123641813413263,0.0495064077629075,0.082791300877893,0.0955882352941176
"Africa_East","America_South_temperate",0,0.45,1.07,0.11,0,0.000236545800523555,0.00106743814844374,0.00237889273356401
"Africa_East","America_South_tropical",10.54,299.25,188.65,3.39,0.394904458598726,0.157302957348164,0.188198324022346,0.0733131487889273
"Africa_East","Asia_Central",1.16,302.85,125.05,8.85,0.0434619707755714,0.159195323752352,0.124750598563448,0.191392733564014
"Africa_East","Asia_East",1.22,105.01,40,2.76,0.0457100037467216,0.0551992766955077,0.0399042298483639,0.0596885813148789
"Africa_East","Asia_South",3.83,495.41,277.21,9.64,0.143499437991757,0.260415900083054,0.276546288906624,0.208477508650519
"Africa_East","Asia_Southeast",1.03,391.17,246.42,4.11,0.0385912326714125,0.205621379535109,0.245830007980846,0.0888840830449827
"Africa_East","Asia_West",4.01,421.27,159.18,15.31,0.150243536905208,0.221443665303462,0.158798882681564,0.331098615916955
"Africa_East","Europe_Eastern_north",0.04,129.48,53.42,0.11,0.0014986886474335,0.0680621116706441,0.05329209896249,0.00237889273356401
"Africa_East","Europe_Eastern_south",0.21,142.95,57.33,0.97,0.00786811539902585,0.0751427159663159,0.0571927374301676,0.020977508650519
"Africa_East","Europe_Western_north",0.04,129.48,53.42,0.11,0.0014986886474335,0.0680621116706441,0.05329209896249,0.00237889273356401
"Africa_East","Europe_Western_south",0.21,142.95,57.33,0.97,0.00786811539902585,0.0751427159663159,0.0571927374301676,0.020977508650519
"Africa_East","Mediterranean_SouthandEast",1.86,520.27,191.1,14.73,0.0696890221056576,0.273483741418644,0.190642458100559,0.318555363321799
"Africa_East","Not_Specified",3.12,185.48,195.7,4.53,0.116897714499813,0.0974989224024643,0.19523144453312,0.0979671280276817
"Africa_East","Pacific_Region_tropical",0.26,80.73,54.24,0.86,0.00974147620831772,0.0424363166139257,0.0541101356743815,0.018598615916955
"Africa_Indian_Ocean_Islands","Africa_Central",4.64,1048.89,288.73,23.34,0.261261261261261,0.535347348757445,0.276048339292885,0.62273212379936
"Africa_Indian_Ocean_Islands","Africa_East",0.36,22.54,12.9,1.52,0.0202702702702703,0.0115042847591195,0.0123334034457043,0.0405549626467449
"Africa_Indian_Ocean_Islands","Africa_Southern",0.24,10.67,3.4,0.55,0.0135135135135135,0.0054459058731058,0.00325066447406161,0.0146744930629669
"Africa_Indian_Ocean_Islands","Africa_West",4.64,1048.89,288.73,23.34,0.261261261261261,0.535347348757445,0.276048339292885,0.62273212379936
"Africa_Indian_Ocean_Islands","America_Caribbean",0.13,15.32,15.23,0.29,0.00731981981981982,0.00781923879812379,0.014561064688223,0.00773745997865528
"Africa_Indian_Ocean_Islands","America_Central_and_Mexico",2.98,523.04,441.05,8.4,0.167792792792793,0.266956570559443,0.421678107730845,0.224119530416222
"Africa_Indian_Ocean_Islands","America_North",0.86,9.02,2.16,0,0.0484234234234234,0.00460375548035748,0.00206512801881561,0
"Africa_Indian_Ocean_Islands","America_South_andean",0.11,39.75,32.84,2.03,0.00619369369369369,0.0202881685525732,0.0313975945082892,0.054162219850587
"Africa_Indian_Ocean_Islands","America_South_temperate",0,0.07,0.18,0.02,0,3.57275924196257e-05,0.000172094001567968,0.000533617929562433
"Africa_Indian_Ocean_Islands","America_South_tropical",2.58,370.98,396.85,3.37,0.14527027027027,0.189346031940468,0.379419469568044,0.08991462113127
"Africa_Indian_Ocean_Islands","Asia_Central",0.49,110.67,60.39,3.03,0.0275900900900901,0.0564853236154282,0.0577375375260531,0.0808431163287087
"Africa_Indian_Ocean_Islands","Asia_East",8.5,1075.78,298.5,22.38,0.478603603603604,0.549071848188356,0.28538921926688,0.597118463180363
"Africa_Indian_Ocean_Islands","Asia_South",5.69,1183.66,379.55,23.65,0.320382882882883,0.604133172048773,0.362879323861789,0.631003201707577
"Africa_Indian_Ocean_Islands","Asia_Southeast",5.57,1174.18,376.93,23.1,0.313626126126126,0.599294635246801,0.360374400061189,0.616328708644611
"Africa_Indian_Ocean_Islands","Asia_West",0.72,128.36,64.43,4.08,0.0405405405405405,0.065514196614045,0.0616000917834675,0.108858057630736
"Africa_Indian_Ocean_Islands","Europe_Eastern_north",0,91.53,40.37,0.01,0,0.0467163790595477,0.0385968602405492,0.000266808964781217
"Africa_Indian_Ocean_Islands","Europe_Eastern_south",0.24,100.59,42.8,0.52,0.0135135135135135,0.0513405503070021,0.0409201292617167,0.0138740661686233
"Africa_Indian_Ocean_Islands","Europe_Western_north",0,91.53,40.37,0.01,0,0.0467163790595477,0.0385968602405492,0.000266808964781217
"Africa_Indian_Ocean_Islands","Europe_Western_south",0.24,100.59,42.8,0.52,0.0135135135135135,0.0513405503070021,0.0409201292617167,0.0138740661686233
"Africa_Indian_Ocean_Islands","Mediterranean_SouthandEast",0.83,219.29,99.01,4.06,0.0467342342342342,0.111924339167139,0.094661261640247,0.108324439701174
"Africa_Indian_Ocean_Islands","Not_Specified",1.72,60.16,116.58,1.08,0.0968468468468468,0.0307053137137812,0.111459548348854,0.0288153681963714
"Africa_Indian_Ocean_Islands","Pacific_Region_tropical",1.84,30.41,20.39,0.35,0.103603603603604,0.0155210869354402,0.0194944260665048,0.00933831376734258
"Africa_Southern","Africa_Central",8.9,280.69,73.93,6.11,0.226751592356688,0.129322816361509,0.0612378443748654,0.13580795732385
"Africa_Southern","Africa_East",2.33,108.04,31.72,4.14,0.0593630573248408,0.0497774665278328,0.0262743733744181,0.0920204489886641
"Africa_Southern","Africa_Southern",1.76,100.22,29.15,3.79,0.0448407643312102,0.0461745436451259,0.0241455858721402,0.0842409424316515
"Africa_Southern","Africa_West",9.06,296.88,79.24,6.58,0.230828025477707,0.136782064631461,0.0656362341169259,0.146254723271838
"Africa_Southern","America_Caribbean",1.14,16.51,7.26,0.16,0.0290445859872611,0.00760668245441059,0.0060136176134387,0.00355634585463436
"Africa_Southern","America_Central_and_Mexico",19.88,1116.07,679.86,27.24,0.506496815286624,0.514208969527197,0.563142984941106,0.6054678817515
"Africa_Southern","America_North",6.77,65.14,19.47,0.06,0.172484076433121,0.0300120711738525,0.016127429054222,0.00133362969548789
"Africa_Southern","America_South_andean",0.46,135.25,131.3,5.39,0.0117197452229299,0.0623139795250776,0.108758676672796,0.119804400977995
"Africa_Southern","America_South_temperate",0,0.42,0.91,0.1,0,0.000193507367101905,0.000753773006643142,0.00222271615914648
"Africa_Southern","America_South_tropical",13.92,389.28,467.98,4.8,0.354649681528662,0.17935368539388,0.387638122691052,0.106690375639031
"Africa_Southern","Asia_Central",1.03,286.18,209.94,7.97,0.0262420382165605,0.131852234088626,0.173897917598529,0.177150477883974
"Africa_Southern","Asia_East",10.02,250.78,89.69,4.16,0.255286624203822,0.115542327432894,0.0742921988635422,0.0924649922204934
"Africa_Southern","Asia_South",2.47,442.08,233.76,6.19,0.0629299363057325,0.203680325829548,0.193628547288902,0.137586130251167
"Africa_Southern","Asia_Southeast",1.97,405.53,224.74,4.05,0.0501910828025478,0.186840577573418,0.186157082981296,0.0900200044454323
"Africa_Southern","Asia_West",1.79,330.98,226.05,10.23,0.0456050955414013,0.15249301991283,0.187242184782068,0.227383863080685
"Africa_Southern","Europe_Eastern_north",0.03,170.96,56.6,0.08,0.000764331210191083,0.0787667130470039,0.0468830243692328,0.00177817292731718
"Africa_Southern","Europe_Eastern_south",0.24,173,56.35,0.16,0.00611464968152866,0.0797066059729274,0.0466759438729023,0.00355634585463436
"Africa_Southern","Europe_Western_north",0.03,170.96,56.6,0.08,0.000764331210191083,0.0787667130470039,0.0468830243692328,0.00177817292731718
"Africa_Southern","Europe_Western_south",0.24,173,56.35,0.16,0.00611464968152866,0.0797066059729274,0.0466759438729023,0.00355634585463436
"Africa_Southern","Mediterranean_SouthandEast",1.45,490.4,264.67,10.09,0.0369426751592357,0.225942887682795,0.219231979855209,0.22427206045788
"Africa_Southern","Not_Specified",1.97,98.91,179.73,2.22,0.0501910828025478,0.0455709849524985,0.148874310421947,0.0493442987330518
"Africa_Southern","Pacific_Region_tropical",1.43,18.91,12.18,0.16,0.0364331210191083,0.00871243883785004,0.0100889617812236,0.00355634585463436
"Africa_West","Africa_Central",21.11,831.46,222.37,19.7,0.404561134534304,0.328900316455696,0.148751429851964,0.380088751688211
"Africa_West","Africa_East",6.59,549.23,184.87,18.05,0.126293599080107,0.217258702531646,0.123666307670696,0.348253907003666
"Africa_West","Africa_Southern",5.91,540.59,182.71,17.73,0.113261786124952,0.213840981012658,0.122221404633055,0.34207987651939
"Africa_West","Africa_West",23.81,1278.52,525.27,28.67,0.456305097738597,0.505743670886076,0.351372323417463,0.55315454370056
"Africa_West","America_Caribbean",1.45,34.03,23.67,0.53,0.0277884246837869,0.0134612341772152,0.0158337291208166,0.0102257379895813
"Africa_West","America_Central_and_Mexico",22.54,698.5,401.71,9.25,0.431966270601763,0.276305379746835,0.268718518171662,0.178468068686089
"Africa_West","America_North",0.03,0.71,0.69,0,0.000574932924492143,0.000280854430379747,0.000461566248135339,0
"Africa_West","America_South_andean",0.11,20.04,37.65,0.92,0.00210808738980452,0.00792721518987342,0.0251854626699935,0.0177503376422921
"Africa_West","America_South_temperate",0,0.15,0.29,0.03,0,5.93354430379747e-05,0.000193991611535143,0.00057881535790083
"Africa_West","America_South_tropical",34.52,821.56,580.96,8.71,0.661556151782292,0.32498417721519,0.388625402198126,0.168049392243874
"Africa_West","Asia_Central",0.71,172.24,98.03,4.72,0.0136067458796474,0.0681329113924051,0.0655758540647932,0.0910669496430639
"Africa_West","Asia_East",4.42,613.05,193.44,13.74,0.084706784208509,0.242503955696203,0.129399094259855,0.26509743391858
"Africa_West","Asia_South",5.52,1090.61,556.95,23,0.105787658106554,0.431412183544304,0.372564234636199,0.443758441057303
"Africa_West","Asia_Southeast",4.45,998.76,530.03,17.29,0.0852817171330012,0.395079113924051,0.354556461593006,0.333590584603511
"Africa_West","Asia_West",1.81,265.19,124.86,10.48,0.0346876197776926,0.104901107594937,0.0835234228147514,0.202199498360023
"Africa_West","Europe_Eastern_north",0,96.47,29.51,0.01,0,0.0381606012658228,0.0197403188151795,0.00019293845263361
"Africa_West","Europe_Eastern_south",0.05,97.51,29.74,0.06,0.000958221540820238,0.0385719936708861,0.0198941742312246,0.00115763071580166
"Africa_West","Europe_Western_north",0,96.47,29.51,0.01,0,0.0381606012658228,0.0197403188151795,0.00019293845263361
"Africa_West","Europe_Western_south",0.05,97.51,29.74,0.06,0.000958221540820238,0.0385719936708861,0.0198941742312246,0.00115763071580166
"Africa_West","Mediterranean_SouthandEast",1.14,347.88,133.83,10.03,0.0218474511307014,0.137610759493671,0.0895237840405108,0.193517267991511
"Africa_West","Not_Specified",5.59,180.07,301.46,4.2,0.107129168263703,0.0712302215189873,0.201657624873738,0.0810341501061162
"Africa_West","Pacific_Region_tropical",0.88,26.27,24.26,0.33,0.0168646991184362,0.0103916139240506,0.0162284017098019,0.00636696893690913
"America_Caribbean","Africa_Central",8.85,586.25,157.14,12.17,0.20818630910374,0.258082551198295,0.116424147230537,0.305395232120452
"America_Caribbean","Africa_East",0.72,56.24,21.57,3.26,0.0169371912491179,0.0247583158710314,0.0159810923747148,0.0818067754077792
"America_Caribbean","Africa_Southern",0.29,45.24,13.44,2.52,0.00682192425311691,0.0199158287696561,0.0099576208398779,0.063237139272271
"America_Caribbean","Africa_West",8.93,632.29,205.96,12.98,0.210068219242531,0.278350560848052,0.152594612215867,0.325721455457967
"America_Caribbean","America_Caribbean",0.2,19.4,17.19,0.34,0.00470477534697718,0.00854038634242547,0.0127359748688617,0.00853199498117942
"America_Caribbean","America_Central_and_Mexico",10.93,428.54,199.9,10.27,0.257115972712303,0.188654492947578,0.148104792105029,0.25771643663739
"America_Caribbean","America_North",0.72,9.24,5.56,0.01,0.0169371912491179,0.00406768916515522,0.0041193729069733,0.000250941028858218
"America_Caribbean","America_South_andean",0.56,111.08,116.94,5.94,0.0131733709715361,0.0489003152018877,0.0866401920398305,0.149058971141782
"America_Caribbean","America_South_temperate",0,0.02,0.12,0.01,0,8.80452200250048e-06,8.89073289274812e-05,0.000250941028858218
"America_Caribbean","America_South_tropical",9.3,250.22,199.3,2.45,0.218772053634439,0.110153374773284,0.147660255460392,0.0614805520702635
"America_Caribbean","Asia_Central",1.31,341.21,190.04,9.12,0.0308162785227005,0.15020954762366,0.140799573244821,0.228858218318695
"America_Caribbean","Asia_East",20.04,665.16,214.96,11.26,0.471418489767114,0.292820792759161,0.159262661885428,0.282559598494354
"America_Caribbean","Asia_South",5.52,1089.51,480.2,13.9,0.12985179957657,0.479630738347215,0.355777494591471,0.348808030112923
"America_Caribbean","Asia_Southeast",5.14,1054.37,475.01,11.62,0.120912726417314,0.464161193188822,0.351932252615357,0.29159347553325
"America_Caribbean","Asia_West",1.92,385.93,202.82,11.71,0.0451658433309809,0.169896458821251,0.150268203775598,0.293851944792974
"America_Caribbean","Europe_Eastern_north",0.03,381.14,111.3,0.07,0.000705716302046577,0.167787775801652,0.0824615475802389,0.00175658720200753
"America_Caribbean","Europe_Eastern_south",0.27,385.84,111.85,0.28,0.0063514467184192,0.169856838472239,0.0828690395044898,0.00702634880803011
"America_Caribbean","Europe_Western_north",0.03,381.14,111.3,0.07,0.000705716302046577,0.167787775801652,0.0824615475802389,0.00175658720200753
"America_Caribbean","Europe_Western_south",0.27,385.84,111.85,0.28,0.0063514467184192,0.169856838472239,0.0828690395044898,0.00702634880803011
"America_Caribbean","Mediterranean_SouthandEast",1.74,756.13,293.38,11.45,0.0409315455187015,0.332868161087535,0.217363601339537,0.28732747804266
"America_Caribbean","Not_Specified",3.62,161.61,293.32,2.38,0.085156433780287,0.0711449400412052,0.217319147675073,0.059723964868256
"America_Caribbean","Pacific_Region_tropical",3.64,51.91,33.34,0.5,0.0856269113149847,0.02285213685749,0.0247014195536852,0.0125470514429109
"America_Central_and_Mexico","Africa_Central",8.67,197.09,45.69,3.51,0.192367428444642,0.0840418908892433,0.03823079047117,0.0783132530120482
"America_Central_and_Mexico","Africa_East",1.74,38.54,11.28,1.76,0.0386066119369869,0.0164339868835123,0.00943846173155609,0.0392681838464971
"America_Central_and_Mexico","Africa_Southern",0.81,26.8,6.98,1.29,0.0179720434879077,0.0114278891665316,0.00584046656793099,0.0287817938420348
"America_Central_and_Mexico","Africa_West",8.67,197.59,46.22,3.52,0.192367428444642,0.0842550977766786,0.0386742642936634,0.0785363676929942
"America_Central_and_Mexico","America_Caribbean",0.72,13.13,5.66,0.19,0.0159751497670291,0.00559881286405076,0.00473596572700421,0.00423917893797412
"America_Central_and_Mexico","America_Central_and_Mexico",20.23,1077.09,327.96,28.58,0.448857333037497,0.459286012775357,0.274418254386625,0.637661758143686
"America_Central_and_Mexico","America_North",0.57,7.15,5.34,0,0.0126469935655647,0.00304885849032467,0.0044682079473856,0
"America_Central_and_Mexico","America_South_andean",0.5,123.32,96.94,6.12,0.0110938540048813,0.0525853467170403,0.0811138723632134,0.136546184738956
"America_Central_and_Mexico","America_South_temperate",0,0,0.02,0,0,0,1.67348612261633e-05,0
"America_Central_and_Mexico","America_South_tropical",10.76,114.9,39.77,1.12,0.238739738185045,0.04899494273263,0.0332772715482257,0.0249888442659527
"America_Central_and_Mexico","Asia_Central",1.09,301.44,252.53,7.33,0.0241846017306412,0.128538168296989,0.211302725272151,0.163543061133423
"America_Central_and_Mexico","Asia_East",12.72,247.48,165.11,2.79,0.28222764588418,0.105528881004972,0.138154646852591,0.0622489959839357
"America_Central_and_Mexico","Asia_South",2.75,576.03,218.97,3.87,0.0610161970268471,0.245627126738702,0.183221628134649,0.0863453815261044
"America_Central_and_Mexico","Asia_Southeast",2.11,553.21,197.63,2.46,0.0468160639005991,0.235896364396155,0.165365531206332,0.0548862115127175
"America_Central_and_Mexico","Asia_West",2.03,319.56,245.4,8.59,0.0450410472598181,0.136264785897644,0.205336747245023,0.191655510932619
"America_Central_and_Mexico","Europe_Eastern_north",0.16,412.11,132.2,0.2,0.00355003328156201,0.175729380761916,0.110617432704939,0.00446229361892013
"America_Central_and_Mexico","Europe_Eastern_south",3.49,440.06,133.78,0.17,0.0774351009540715,0.187647645769549,0.111939486741806,0.00379294957608211
"America_Central_and_Mexico","Europe_Western_north",0.16,412.11,132.2,0.2,0.00355003328156201,0.175729380761916,0.110617432704939,0.00446229361892013
"America_Central_and_Mexico","Europe_Western_south",3.49,440.06,133.78,0.17,0.0774351009540715,0.187647645769549,0.111939486741806,0.00379294957608211
"America_Central_and_Mexico","Mediterranean_SouthandEast",4.49,735.35,340.69,8.2,0.099622808963834,0.313563369351084,0.285069993557078,0.182954038375725
"America_Central_and_Mexico","Not_Specified",2.83,159.68,200.39,2.41,0.0627912136676281,0.0680897515713348,0.167674942055543,0.0537706381079875
"America_Central_and_Mexico","Pacific_Region_tropical",1.84,20.66,8.02,0.05,0.0408253827379632,0.00880970858882625,0.00671067935169148,0.00111557340473003
"America_North","Africa_Central",0.53,100.71,37.08,3.04,0.00584601808956541,0.0383746318192037,0.0227712374951639,0.0764011058054788
"America_North","Africa_East",5.13,71.53,24.62,2.06,0.056585043017869,0.0272558575516596,0.01511941389242,0.0517718019602915
"America_North","Africa_Southern",2.29,34.93,6.98,0.92,0.0252592102360468,0.0133097596012788,0.0042864950840411,0.023121387283237
"America_North","Africa_West",0.53,100.71,37.08,3.04,0.00584601808956541,0.0383746318192037,0.0227712374951639,0.0764011058054788
"America_North","America_Caribbean",2.35,22.62,5.04,0.1,0.0259210236046768,0.00861914578244849,0.00309511965953684,0.00251319426991706
"America_North","America_Central_and_Mexico",10.45,223.34,69.96,4.24,0.115265828369733,0.0851016807715317,0.0429632086073804,0.106559437044484
"America_North","America_North",1.63,41.62,44.31,0.38,0.0179792631811163,0.0158589234069631,0.0272112603400947,0.00955013822568485
"America_North","America_South_andean",0.48,135.89,268.69,5,0.00529450694904037,0.051779651652384,0.16500549629384,0.125659713495853
"America_North","America_South_temperate",0,0.03,1,0.1,0,1.1431227828181e-05,0.000614111043558896,0.00251319426991706
"America_North","America_South_tropical",8.83,109.01,47.42,3.24,0.0973968674167218,0.0415372715183338,0.0291211456855629,0.0814274943453129
"America_North","Asia_Central",2.99,724.17,527.03,20.47,0.0329803662033973,0.275938408544462,0.323654943286845,0.514450867052023
"America_North","Asia_East",54.11,627.35,285.05,2.47,0.596845356276197,0.239046025933646,0.175052352966463,0.0620758984669515
"America_North","Asia_South",1.29,422.48,160.66,2.72,0.014228987425546,0.160982171094997,0.0986630802581723,0.0683588841417442
"America_North","Asia_Southeast",1.12,406.86,144.47,1.73,0.0123538495477609,0.155030311805791,0.0887206224629538,0.0434782608695652
"America_North","Asia_West",5.78,774.32,518.86,21.79,0.0637546878446945,0.295047611063904,0.318637656060969,0.547625031414928
"America_North","Europe_Eastern_north",0.38,339.78,151.24,0.81,0.00419148466799029,0.129470086381978,0.0928781542278475,0.0203568735863282
"America_North","Europe_Eastern_south",11.2,425.15,155.17,0.44,0.123538495477609,0.161999550371705,0.0952916106290339,0.0110580547876351
"America_North","Europe_Western_north",0.38,339.78,151.24,0.81,0.00419148466799029,0.129470086381978,0.0928781542278475,0.0203568735863282
"America_North","Europe_Western_south",11.2,425.15,155.17,0.44,0.123538495477609,0.161999550371705,0.0952916106290339,0.0110580547876351
"America_North","Mediterranean_SouthandEast",13.92,1136.01,579.87,21.32,0.153540701522171,0.432866304169731,0.356104570828497,0.535813018346318
"America_North","Not_Specified",3.58,403.84,354.81,3.51,0.0394881976615928,0.153879568204421,0.217892739365132,0.088213118874089
"America_North","Pacific_Region_tropical",0.91,9.13,5.3,0,0.0100375027575557,0.00347890366904309,0.00325478853086215,0
"America_South_andean","Africa_Central",5.89,338.84,98.29,6.36,0.0868859713822098,0.0828763605234193,0.0415330333185439,0.0910913778287024
"America_South_andean","Africa_East",1.08,24.9,9.32,1.57,0.0159315533264493,0.00609025314907668,0.00393822230673343,0.0224863935835004
"America_South_andean","Africa_Southern",0.69,14.65,4.27,1.11,0.0101784924030093,0.00358322123028005,0.00180431429718366,0.0158980234889716
"America_South_andean","Africa_West",5.89,341.26,105.77,6.4,0.0868859713822098,0.0834682646447352,0.0446937525089265,0.0916642795760527
"America_South_andean","America_Caribbean",0.99,8.65,5.48,0.14,0.0146039238825785,0.00211569035098447,0.00231560710739262,0.00200515611572615
"America_South_andean","America_Central_and_Mexico",8.25,402.24,103.43,6.16,0.121699365688155,0.098383270147976,0.0437049713718282,0.0882268690919507
"America_South_andean","America_North",1.64,26.37,15.69,0.03,0.0241923587549786,0.0064497982145041,0.0066299042910566,0.000429676310512747
"America_South_andean","America_South_andean",0.32,69.27,85.13,3.4,0.00472046024487387,0.0169426440014675,0.0359721958124696,0.048696648524778
"America_South_andean","America_South_temperate",0,0.24,0.61,0.07,0,5.87012351718234e-05,0.000257759185311952,0.00100257805786308
"America_South_andean","America_South_tropical",7.27,165.87,80.76,1.21,0.107242956188228,0.0405698911581265,0.0341256259111365,0.0173302778573475
"America_South_andean","Asia_Central",1.27,321.98,247.05,10.86,0.0187343265968432,0.0787525987525988,0.104392470051341,0.155542824405614
"America_South_andean","Asia_East",13.98,351.93,132.05,6.01,0.206225106947927,0.0860780237250826,0.0557985252794152,0.086078487539387
"America_South_andean","Asia_South",0.94,666.88,237.88,7.41,0.013866351969317,0.163111165464107,0.100517631150831,0.106130048696649
"America_South_andean","Asia_Southeast",0.67,653.33,226.07,6.26,0.00988346363770468,0.159796991561697,0.0955272443007754,0.0896591234603266
"America_South_andean","Asia_West",1.81,348.6,256.8,12.34,0.0267001032600679,0.0852635440870735,0.108512391455917,0.176740189057577
"America_South_andean","Europe_Eastern_north",0.1,354.57,71.61,0.27,0.00147514382652309,0.0867237373119726,0.0302592381314572,0.00386708679461472
"America_South_andean","Europe_Eastern_south",1.2,372.69,74.82,0.41,0.017701725918277,0.0911556805674453,0.0316156430246561,0.00587224291034088
"America_South_andean","Europe_Western_north",0.1,354.57,71.61,0.27,0.00147514382652309,0.0867237373119726,0.0302592381314572,0.00386708679461472
"America_South_andean","Europe_Western_south",1.2,372.69,74.82,0.41,0.017701725918277,0.0911556805674453,0.0316156430246561,0.00587224291034088
"America_South_andean","Mediterranean_SouthandEast",2.52,693.69,301.5,11.95,0.0371736244283818,0.169668582609759,0.127400646510743,0.171154397020911
"America_South_andean","Not_Specified",1.15,83.4,177.9,1.84,0.0169641540050155,0.0203986792222086,0.0751727197819611,0.0263534803781152
"America_South_andean","Pacific_Region_tropical",0.37,5.74,6.92,0.1,0.00545803215813542,0.00140393787452611,0.00292408780714542,0.00143225436837582
"America_South_temperate","Africa_Central",0.36,95.68,25.02,2.32,0.00888450148075025,0.0431805976144164,0.0202906542965582,0.0619492656875834
"America_South_temperate","Africa_East",0.77,14.44,6.45,0.68,0.0190029615004936,0.00651680423863057,0.00523080416517988,0.0181575433911883
"America_South_temperate","Africa_Southern",0.33,7.78,2.18,0.41,0.00814412635735439,0.00351113136956689,0.0017679307100918,0.0109479305740988
"America_South_temperate","Africa_West",0.36,95.68,25.02,2.32,0.00888450148075025,0.0431805976144164,0.0202906542965582,0.0619492656875834
"America_South_temperate","America_Caribbean",0.29,2.98,0.11,0,0.00715695952615992,0.00134488065312459,8.92075128945405e-05,0
"America_South_temperate","America_Central_and_Mexico",2.11,162.17,65.26,3.56,0.0520730503455084,0.0731876830594681,0.052924384468161,0.0950600801068091
"America_South_temperate","America_North",21.6,230.21,88.42,0.02,0.533070088845015,0.103894286965038,0.0717066208194116,0.000534045393858478
"America_South_temperate","America_South_andean",0.3,90.91,149.97,2.56,0.00740375123395854,0.0410278859649519,0.121622279170857,0.0683578104138852
"America_South_temperate","America_South_temperate",0,5.02,12.47,1.25,0,0.00226553720761257,0.0101128880526811,0.0333778371161549
"America_South_temperate","America_South_tropical",1.03,38.58,38.89,1.78,0.0254195459032577,0.0174112401334049,0.0315389106951698,0.0475300400534045
"America_South_temperate","Asia_Central",2.76,820.1,458.04,20.9,0.0681145113524185,0.370112960948818,0.371460083692867,0.558077436582109
"America_South_temperate","Asia_East",7.81,246.26,213.57,3.41,0.192744323790721,0.111137687798142,0.1732004411717,0.0910547396528705
"America_South_temperate","Asia_South",0.65,531.88,180.39,3.72,0.0160414610069102,0.24003863147111,0.146292211373147,0.0993324432576769
"America_South_temperate","Asia_Southeast",0.53,524.53,166.35,3.25,0.0130799605133268,0.236721560061558,0.134906088818244,0.0867823765020027
"America_South_temperate","Asia_West",3.18,854.39,494.16,21.38,0.0784797630799605,0.385588114504402,0.400752587017874,0.570894526034713
"America_South_temperate","Europe_Eastern_north",0.22,430.77,136.07,0.32,0.0054294175715696,0.194407462733718,0.110349693450547,0.00854472630173565
"America_South_temperate","Europe_Eastern_south",1.66,435.31,135.53,0.21,0.0409674234945706,0.196456374869686,0.109911765659973,0.00560747663551402
"America_South_temperate","Europe_Western_north",0.22,430.77,136.07,0.32,0.0054294175715696,0.194407462733718,0.110349693450547,0.00854472630173565
"America_South_temperate","Europe_Western_south",1.66,435.31,135.53,0.21,0.0409674234945706,0.196456374869686,0.109911765659973,0.00560747663551402
"America_South_temperate","Mediterranean_SouthandEast",4.22,1255.34,566.01,21.03,0.104146100691017,0.566537744662223,0.459021312485808,0.56154873164219
"America_South_temperate","Not_Specified",1.08,119.51,160.92,1.77,0.0266535044422507,0.0539351298170872,0.130502481590813,0.0472630173564753
"America_South_temperate","Pacific_Region_tropical",0.36,3.69,1.31,0.01,0.00888450148075025,0.00166530523826501,0.00106238038083498,0.000267022696929239
"America_South_tropical","Africa_Central",17.82,671.64,142.21,10.01,0.336798336798337,0.289828555647135,0.103224261076593,0.251570746418698
"America_South_tropical","Africa_East",3.67,65.99,17.53,2.59,0.0693630693630694,0.0284762467797546,0.0127242901109111,0.065091731590852
"America_South_tropical","Africa_Southern",2.78,40.6,4.91,1.17,0.0525420525420525,0.0175198608767698,0.00356396260379769,0.0294043729580297
"America_South_tropical","Africa_West",17.82,680.15,146.63,10.07,0.336798336798337,0.293500822052585,0.106432553277975,0.253078662980648
"America_South_tropical","America_Caribbean",3.13,29.59,9.29,0.39,0.0591570591570592,0.01276878530403,0.00674322048661518,0.00980145765267655
"America_South_tropical","America_Central_and_Mexico",24.17,704.49,273.17,14.87,0.456813456813457,0.304004108105309,0.198282620056907,0.373711987936667
"America_South_tropical","America_North",1.86,23,16.6,0.06,0.0351540351540352,0.00992504433905678,0.0120492422042855,0.00150791656195024
"America_South_tropical","America_South_andean",0.9,231.49,217.02,10.01,0.017010017010017,0.0998934136542719,0.15752569537193,0.251570746418698
"America_South_tropical","America_South_temperate",0,1.43,3.85,0.38,0,0.000617078843689182,0.00279455316183729,0.00955013822568485
"America_South_tropical","America_South_tropical",21.45,346.74,197.31,2.34,0.405405405405405,0.149626516266285,0.143219034899251,0.0588087459160593
"America_South_tropical","Asia_Central",1.55,588.25,424.07,11.38,0.0292950292950293,0.25384379706305,0.307814586841647,0.286001507916562
"America_South_tropical","Asia_East",34.82,804.74,309.42,11.02,0.658098658098658,0.347264355713589,0.224594971256025,0.276954008544861
"America_South_tropical","Asia_South",4.33,1092.24,526.62,11.65,0.0818370818370818,0.471327409951799,0.382251321061495,0.292787132445338
"America_South_tropical","Asia_Southeast",4.03,1068.1,514.99,10.45,0.0761670761670762,0.460910428632458,0.373809592938854,0.262628801206333
"America_South_tropical","Asia_West",2.63,633.79,436.94,13.52,0.0497070497070497,0.273495384854382,0.317156378839789,0.339783865292787
"America_South_tropical","Europe_Eastern_north",0.19,432.35,176.44,0.39,0.00359100359100359,0.186569257390922,0.1280703791882,0.00980145765267655
"America_South_tropical","Europe_Eastern_south",0.9,446.97,178.61,1.03,0.017010017010017,0.192878133401226,0.129645490970327,0.0258859009801458
"America_South_tropical","Europe_Western_north",0.19,432.35,176.44,0.39,0.00359100359100359,0.186569257390922,0.1280703791882,0.00980145765267655
"America_South_tropical","Europe_Western_south",0.9,446.97,178.61,1.03,0.017010017010017,0.192878133401226,0.129645490970327,0.0258859009801458
"America_South_tropical","Mediterranean_SouthandEast",2.58,1040.29,562.2,13.3,0.0487620487620488,0.448909755455538,0.408077347424656,0.33425483789897
"America_South_tropical","Not_Specified",1.73,124.33,179.6,2.39,0.0326970326970327,0.0536513375076056,0.130364090354799,0.0600653430510178
"America_South_tropical","Pacific_Region_tropical",2.99,39.27,29.17,0.49,0.0565110565110565,0.0169459343997722,0.0211732768131932,0.0123146519225936
"Asia_Central","Africa_Central",0.16,58.15,17.13,1.12,0.00420720483828556,0.0265959879620567,0.01169938122362,0.0227457351746548
"Asia_Central","Africa_East",10.97,100.58,13.25,0.26,0.288456481724954,0.0460021404853596,0.00904943381278258,0.00528025995125914
"Asia_Central","Africa_Southern",10.63,94.51,10.81,0.02,0.279516171443597,0.0432259126791742,0.00738297203895696,0.000406173842404549
"Asia_Central","Africa_West",0.16,58.76,17.33,1.14,0.00420720483828556,0.026874982848675,0.0118359764509828,0.0231519090170593
"Asia_Central","America_Caribbean",10.66,94.32,10.63,0,0.280305022350776,0.0431390126325226,0.00726003633433048,0
"Asia_Central","America_Central_and_Mexico",13.09,172.75,33.15,1.71,0.344201945832238,0.0790104371529715,0.0226406589353768,0.034727863525589
"Asia_Central","America_North",12.74,136.97,60.17,0.3,0.334998685248488,0.0626457862624747,0.0410946741520851,0.00609260763606824
"Asia_Central","America_South_andean",0.49,150.51,334.82,4.24,0.0128845648172495,0.068838558008068,0.22867407012799,0.0861088545897644
"Asia_Central","America_South_temperate",0,1.17,2.71,0.27,0,0.000535121339907246,0.00185086533076534,0.00548334687246141
"Asia_Central","America_South_tropical",12.53,115.3,16.78,0.58,0.329476728898238,0.052734607257526,0.0114603395757352,0.0117790414297319
"Asia_Central","Asia_Central",5.57,1250.61,569.03,35.97,0.146463318432816,0.571989828120855,0.388633911131145,0.730503655564582
"Asia_Central","Asia_East",1.22,107.82,100.71,1.66,0.0320799368919274,0.0493134896314523,0.0687825267385157,0.0337124289195776
"Asia_Central","Asia_South",0.57,240.35,71.68,1.5,0.0149881672363923,0.109928559014279,0.0489557294868117,0.0304630381803412
"Asia_Central","Asia_Southeast",0.31,237.05,70.48,1.4,0.00815145937417828,0.108419242414541,0.0481361581226352,0.0284321689683184
"Asia_Central","Asia_West",5.99,1273.57,591.45,36.38,0.157507231133316,0.582491012705701,0.40394623611851,0.738830219333875
"Asia_Central","Europe_Eastern_north",0.13,189.95,76.74,0.16,0.00341835393110702,0.0868771782182746,0.0524115887390895,0.00324939073923639
"Asia_Central","Europe_Eastern_south",0.82,194.78,76.59,0.14,0.0215619247962135,0.0890862688778917,0.0523091423185674,0.00284321689683184
"Asia_Central","Europe_Western_north",0.13,189.95,76.74,0.16,0.00341835393110702,0.0868771782182746,0.0524115887390895,0.00324939073923639
"Asia_Central","Europe_Western_south",0.82,194.78,76.59,0.14,0.0215619247962135,0.0890862688778917,0.0523091423185674,0.00284321689683184
"Asia_Central","Mediterranean_SouthandEast",6.25,1429.66,575.12,35.53,0.16434393899553,0.653881687873327,0.392793235804341,0.721567831031682
"Asia_Central","Not_Specified",3.41,173.43,363.84,3.82,0.0896660531159611,0.0793214478462509,0.248494037618326,0.0775792038992689
"Asia_Central","Pacific_Region_tropical",0.17,1.19,0.04,0,0.00447015514067841,0.000544268713238993,2.73190454725512e-05,0
"Asia_East","Africa_Central",9.26,856.81,216.51,15.16,0.241460234680574,0.373391380895728,0.122390489595876,0.277859237536657
"Asia_East","Africa_East",2.35,37.6,8.67,0.97,0.061277705345502,0.0163857983936688,0.00490104634795733,0.0177785923753666
"Asia_East","Africa_Southern",1.36,23.73,5.62,0.58,0.0354628422425033,0.0103413562734511,0.00317691816326646,0.0106304985337243
"Asia_East","Africa_West",9.27,860.14,217.71,15.26,0.241720990873533,0.374842569955593,0.123068835111164,0.279692082111437
"Asia_East","America_Caribbean",1.34,14.39,4.35,0.01,0.0349413298565841,0.00627105422566208,0.00245900249291977,0.000183284457478006
"Asia_East","America_Central_and_Mexico",8.37,205.01,98.42,2.32,0.218252933507171,0.0893418225714373,0.0556356380122215,0.0425219941348974
"Asia_East","America_North",0.41,10.67,15.36,0.06,0.0106910039113429,0.00464990608671399,0.00868282259568911,0.00109970674486804
"Asia_East","America_South_andean",0.29,90.21,175.15,2.83,0.0075619295958279,0.039312842369491,0.0990101808356086,0.0518695014662757
"Asia_East","America_South_temperate",0,0.97,2.33,0.23,0,0.000422718735155818,0.00131712087551795,0.00421554252199413
"Asia_East","America_South_tropical",12.23,185.51,89.31,2.63,0.31890482398957,0.0808438686172739,0.0504858649753252,0.0482038123167155
"Asia_East","Asia_Central",2.94,597.39,334.33,17.71,0.0766623207301173,0.260338087829623,0.18899271343859,0.324596774193548
"Asia_East","Asia_East",11.97,939.79,328.59,19.23,0.312125162972621,0.409553443414521,0.185747960723795,0.352456011730205
"Asia_East","Asia_South",4.82,912.16,260.28,15.55,0.125684485006519,0.397512496350238,0.147133142266013,0.285007331378299
"Asia_East","Asia_Southeast",3.9,897.05,258.35,15.06,0.101694915254237,0.390927671517037,0.146042136562258,0.276026392961877
"Asia_East","Asia_West",3.84,607.23,309.79,18.33,0.10013037809648,0.264626286132647,0.175120547650946,0.335960410557185
"Asia_East","Europe_Eastern_north",0.1,95.96,65.72,0.14,0.00260756192959583,0.041818649304693,0.0371507227206177,0.00256598240469208
"Asia_East","Europe_Eastern_south",6.11,152.23,72.76,0.31,0.159322033898305,0.0663406938688352,0.0411303497436419,0.00568181818181818
"Asia_East","Europe_Western_north",0.1,95.96,65.72,0.14,0.00260756192959583,0.041818649304693,0.0371507227206177,0.00256598240469208
"Asia_East","Europe_Western_south",6.11,152.23,72.76,0.31,0.159322033898305,0.0663406938688352,0.0411303497436419,0.00568181818181818
"Asia_East","Mediterranean_SouthandEast",8.76,713.81,299.61,17.6,0.228422425032595,0.31107305189853,0.169365916529584,0.32258064516129
"Asia_East","Not_Specified",3.17,297.62,836.95,10.98,0.0826597131681877,0.129700566966056,0.473117732517058,0.20124633431085
"Asia_East","Pacific_Region_tropical",0.62,7.82,4.57,0.01,0.0161668839634941,0.00340789743187474,0.00258336583738927,0.000183284457478006
"Asia_South","Africa_Central",9.03,993.15,267.66,20.96,0.257338273012254,0.446327455104352,0.26224464801842,0.447194367399189
"Asia_South","Africa_East",4.36,214.37,60.93,8.36,0.124251923624964,0.096339139657373,0.0596972517513349,0.178365692340516
"Asia_South","Africa_Southern",3.89,194.53,55.76,7.24,0.110857794243374,0.0874229268906506,0.0546318522510165,0.154469810113079
"Asia_South","Africa_West",9.74,1056.45,287.93,22.78,0.277571957822742,0.474774847651405,0.28210454122373,0.486025176018775
"Asia_South","America_Caribbean",2.26,23.86,4.35,0.28,0.0644058136221145,0.0107228244261087,0.00426198990839171,0.0059739705568594
"Asia_South","America_Central_and_Mexico",7.78,159.86,52.43,3.32,0.221715588486748,0.0718420248431574,0.051369225493558,0.0708342223170472
"Asia_South","America_North",1.5,14.21,3.87,0,0.042747221430607,0.00638605763181075,0.00379170136677607,0
"Asia_South","America_South_andean",0.27,77.17,100.65,2.98,0.00769449985750926,0.0346806521778209,0.0986136285700289,0.0635801152122893
"Asia_South","America_South_temperate",0,0.88,1.59,0.19,0,0.000395477179169138,0.0015578307941018,0.00405376573501173
"Asia_South","America_South_tropical",10.74,117.75,36.4,0.74,0.306070105443146,0.0529175430081432,0.0356635477391858,0.0157883507574141
"Asia_South","Asia_Central",2.22,479.66,184.52,13.99,0.0632658877172984,0.215562027000306,0.180786753539411,0.298485171751654
"Asia_South","Asia_East",8.25,947.71,277.26,17.79,0.235109717868339,0.425906451670891,0.271650418850732,0.379560486451888
"Asia_South","Asia_South",8.24,1250.02,430.18,22.59,0.234824736392134,0.561766344892053,0.421476510067114,0.481971410283764
"Asia_South","Asia_Southeast",7.01,1169.22,404.01,18.28,0.199772014819037,0.525454349350159,0.395835986871112,0.390014934926392
"Asia_South","Asia_West",3.49,574.43,209.63,19.38,0.0994585351952123,0.258152222761509,0.205388722872679,0.413484104971197
"Asia_South","Europe_Eastern_north",0.09,207.99,92.45,0.13,0.00256483328583642,0.0934719301083967,0.0905795326507618,0.00277362918711329
"Asia_South","Europe_Eastern_south",4.97,266.36,102.21,1.21,0.141635793673411,0.119703751640331,0.10014206633028,0.0258160870492853
"Asia_South","Europe_Western_north",0.09,207.99,92.45,0.13,0.00256483328583642,0.0934719301083967,0.0905795326507618,0.00277362918711329
"Asia_South","Europe_Western_south",4.97,266.36,102.21,1.21,0.141635793673411,0.119703751640331,0.10014206633028,0.0258160870492853
"Asia_South","Mediterranean_SouthandEast",7.9,807.97,273.8,19.08,0.225135366201197,0.363106473242374,0.26826042227992,0.407083422231705
"Asia_South","Not_Specified",1.7,96.02,212.68,2.99,0.0484468509546879,0.043151953117978,0.208377014647529,0.0637934713036057
"Asia_South","Pacific_Region_tropical",3.1,32.64,17.62,0.24,0.0883442576232545,0.0146686081000917,0.017263508548474,0.00512054619159377
"Asia_Southeast","Africa_Central",14.37,1350.81,365.8,24.62,0.399610678531702,0.581877000348917,0.329986558776037,0.592967244701349
"Asia_Southeast","Africa_East",1.13,28.14,7.95,1.22,0.0314238042269188,0.0121216298293754,0.00717165976563557,0.029383429672447
"Asia_Southeast","Africa_Southern",0.31,17.63,4.57,0.89,0.00862068965517241,0.00759432600895123,0.00412257674578045,0.0214354527938343
"Asia_Southeast","Africa_West",14.37,1351.3,365.89,24.63,0.399610678531702,0.58208807350515,0.330067747377157,0.593208092485549
"Asia_Southeast","America_Caribbean",0.46,12.46,6.46,0.29,0.0127919911012236,0.00536728882992242,0.0058275373693089,0.00698458574181117
"Asia_Southeast","America_Central_and_Mexico",12.74,362.4,169.11,5.58,0.354282536151279,0.156107983303683,0.152553381505237,0.134393063583815
"Asia_Southeast","America_North",0.38,3.87,2.16,0.01,0.010567296996663,0.00166704717269661,0.00194852642688966,0.000240847784200385
"Asia_Southeast","America_South_andean",0.08,24.3,23.59,1.17,0.00222469410456062,0.0104675055029787,0.0212804344492255,0.0281791907514451
"Asia_Southeast","America_South_temperate",0,0.4,1.35,0.13,0,0.000172304617332983,0.00121782901680604,0.00313102119460501
"Asia_Southeast","America_South_tropical",15.55,247.08,134.03,2.61,0.432424916573971,0.106432562126584,0.12090786897964,0.0628612716763006
"Asia_Southeast","Asia_Central",0.42,146.24,85.33,3.83,0.0116796440489433,0.0629945680969386,0.0769758148178218,0.0922447013487476
"Asia_Southeast","Asia_East",8.36,1298.61,382.71,25.04,0.232480533926585,0.559391247786963,0.345240994830992,0.603082851637765
"Asia_Southeast","Asia_South",11.53,1563.35,530.98,25.74,0.3206340378198,0.673431058768797,0.478994704699016,0.619942196531792
"Asia_Southeast","Asia_Southeast",10.63,1540.53,526.71,24.77,0.295606229143493,0.663601080349951,0.475142756623637,0.596579961464354
"Asia_Southeast","Asia_West",1.35,169.92,90.04,4.91,0.0375417130144605,0.0731950014430512,0.0812246849431229,0.118256262042389
"Asia_Southeast","Europe_Eastern_north",0.06,185.76,75.05,0.07,0.00166852057842047,0.0800182642894373,0.0677022723787358,0.0016859344894027
"Asia_Southeast","Europe_Eastern_south",0.15,188.06,75.41,0.19,0.00417130144605117,0.081009015839102,0.0680270267832174,0.00457610789980732
"Asia_Southeast","Europe_Western_north",0.06,185.76,75.05,0.07,0.00166852057842047,0.0800182642894373,0.0677022723787358,0.0016859344894027
"Asia_Southeast","Europe_Western_south",0.15,188.06,75.41,0.19,0.00417130144605117,0.081009015839102,0.0680270267832174,0.00457610789980732
"Asia_Southeast","Mediterranean_SouthandEast",0.67,342.05,147.66,4.64,0.0186318131256952,0.147341985896867,0.133203431571541,0.111753371868979
"Asia_Southeast","Not_Specified",2.03,130.31,248.33,3.09,0.0564516129032258,0.0561325367116525,0.224017392402551,0.0744219653179191
"Asia_Southeast","Pacific_Region_tropical",6.56,71.4,37.55,0.41,0.182424916573971,0.0307563741939375,0.033873688578568,0.0098747591522158
"Asia_West","Africa_Central",20.59,390.96,97.82,9.86,0.392714094983788,0.164709748360107,0.079145596504713,0.193371249264562
"Asia_West","Africa_East",16.15,160.89,39.71,6.82,0.308029753957658,0.0677822575548843,0.0321291314373559,0.13375171602275
"Asia_West","Africa_Southern",7.42,109.51,27.93,6.13,0.141522029372497,0.0461360869217191,0.022598001537279,0.120219650911944
"Asia_West","Africa_West",20.64,396.08,99.35,10,0.393667747472821,0.166866782101675,0.0803835106598163,0.196116885663856
"Asia_West","America_Caribbean",6.92,44.85,8.49,0.21,0.131985504482167,0.0188951100213597,0.00686920991949513,0.00411845459894097
"Asia_West","America_Central_and_Mexico",31.15,320.4,68.48,3.51,0.594125500667557,0.134983127109111,0.0554067721186132,0.0688370268680133
"Asia_West","America_North",7.92,141.19,86.92,0.27,0.151058554262827,0.0594827331976761,0.0703264695173753,0.0052951559129241
"Asia_West","America_South_andean",0.39,136.35,191.91,3.96,0.00743848941445737,0.0574436622388493,0.155273271572475,0.0776622867228868
"Asia_West","America_South_temperate",0,2.06,4.19,0.4,0,0.00086786904445933,0.00339010477770136,0.00784467542655423
"Asia_West","America_South_tropical",28.18,195.22,37.17,1.07,0.537478542818997,0.0822453373103643,0.0300740321210405,0.0209845067660326
"Asia_West","Asia_Central",6.44,1732.2,524.73,34.39,0.12283044058745,0.729768329520608,0.424556009547312,0.674445969798
"Asia_West","Asia_East",7.36,344.57,249.55,5.35,0.140377646385657,0.145165843033666,0.201909462356891,0.104922533830163
"Asia_West","Asia_South",3.24,611.62,223.54,10.56,0.0617966812893382,0.257672847073891,0.180864921720134,0.207099431261032
"Asia_West","Asia_Southeast",1.47,513.12,180.69,4.48,0.0280373831775701,0.21617522528785,0.14619523443505,0.0878603647774073
"Asia_West","Asia_West",15.72,1908.78,607.56,41.14,0.299828342551974,0.804160715865573,0.491573283708888,0.806824867621102
"Asia_West","Europe_Eastern_north",0.11,309.43,133.99,0.24,0.00209803547587259,0.130361513799539,0.108410534406732,0.00470680525593254
"Asia_West","Europe_Eastern_south",9.91,362.13,144.09,0.63,0.18901392332634,0.152563794694203,0.116582386018852,0.0123553637968229
"Asia_West","Europe_Western_north",0.11,309.43,133.99,0.24,0.00209803547587259,0.130361513799539,0.108410534406732,0.00470680525593254
"Asia_West","Europe_Western_south",9.91,362.13,144.09,0.63,0.18901392332634,0.152563794694203,0.116582386018852,0.0123553637968229
"Asia_West","Mediterranean_SouthandEast",16.75,2175.35,650.08,40,0.319473583826054,0.916465497992526,0.525975969901695,0.784467542655423
"Asia_West","Not_Specified",6.31,181.66,427.59,6.54,0.120350944115964,0.0765325682604281,0.345960597111534,0.128260443224162
"Asia_West","Pacific_Region_tropical",0.9,6.94,4.85,0.04,0.0171657448025939,0.00292379182939211,0.00392410696225575,0.000784467542655423
"Europe_Eastern_north","Africa_Central",1.88,55.51,17.74,0.98,0.0405172413793103,0.022423933944124,0.0108096250754054,0.0212397052449068
"Europe_Eastern_north","Africa_East",0.88,29.96,13.81,1.36,0.0189655172413793,0.0121027033141047,0.00841493361281556,0.0294755093194625
"Europe_Eastern_north","Africa_Southern",0.05,6.56,2.26,0.2,0.00107758620689655,0.00264999111283468,0.00137709992505164,0.00433463372345037
"Europe_Eastern_north","Africa_West",1.93,61.54,19.88,1.14,0.0415948275862069,0.0248598251652205,0.0121136046504543,0.0247074122236671
"Europe_Eastern_north","America_Caribbean",0.09,1.7,0.65,0.06,0.00193965517241379,0.000686735501801671,0.000396068562514853,0.00130039011703511
"Europe_Eastern_north","America_Central_and_Mexico",3.6,84.05,24.4,1.6,0.0775862068965517,0.0339530111331944,0.0148678045005575,0.0346770697876029
"Europe_Eastern_north","America_North",26.35,256.39,59.82,0.11,0.567887931034483,0.103571832533488,0.0364504944763669,0.0023840485478977
"Europe_Eastern_north","America_South_andean",0.45,217.9,376.46,5.63,0.00969827586206897,0.0880233328485789,0.229390724683602,0.122019939315128
"Europe_Eastern_north","America_South_temperate",0,0.76,2.38,0.24,0,0.000307011165511335,0.00145022027505438,0.00520156046814044
"Europe_Eastern_north","America_South_tropical",3.95,42.93,12.8,0.98,0.0851293103448276,0.0173420912307916,0.00779950400029248,0.0212397052449068
"Europe_Eastern_north","Asia_Central",3.67,1067.92,629.24,29.79,0.0790948275862069,0.431399162990612,0.383418741964378,0.645643693107932
"Europe_Eastern_north","Asia_East",3.06,120.66,133.01,1.36,0.065948275862069,0.0487420621455233,0.0810478146155393,0.0294755093194625
"Europe_Eastern_north","Asia_South",0.53,438.76,145.8,1.24,0.0114224137931034,0.177242393394412,0.0888412252533315,0.0268747290853923
"Europe_Eastern_north","Asia_Southeast",0.44,436.2,144.7,1.2,0.00948275862068966,0.176208250521111,0.0881709553783064,0.0260078023407022
"Europe_Eastern_north","Asia_West",4.77,1180.22,650.91,33.02,0.102801724137931,0.476764102315511,0.396623058502373,0.715648027741656
"Europe_Eastern_north","Europe_Eastern_north",0.35,414.12,166.07,0.59,0.00754310344827586,0.167288768238887,0.101192471041295,0.0127871694841786
"Europe_Eastern_north","Europe_Eastern_south",5.72,464.39,170.68,1,0.123275862068966,0.187595940989222,0.1040015111539,0.0216731686172518
"Europe_Eastern_north","Europe_Western_north",0.35,414.12,166.07,0.59,0.00754310344827586,0.167288768238887,0.101192471041295,0.0127871694841786
"Europe_Eastern_north","Europe_Western_south",5.72,464.39,170.68,1,0.123275862068966,0.187595940989222,0.1040015111539,0.0216731686172518
"Europe_Eastern_north","Mediterranean_SouthandEast",9.05,1499.85,689.64,30.24,0.195043103448276,0.605882495516021,0.420222651465758,0.655396618985696
"Europe_Eastern_north","Not_Specified",1.98,203.17,317.05,3.4,0.0426724137931035,0.0820729717064973,0.193190058069745,0.0736887732986563
"Europe_Eastern_north","Pacific_Region_tropical",0.25,2.4,1.32,0,0.00538793103448276,0.000969508943720006,0.000804323850030162,0
"Europe_Eastern_south","Africa_Central",3.05,108.65,46,3,0.0421212539704461,0.0385846038019951,0.0252827824251685,0.0484730974309258
"Europe_Eastern_south","Africa_East",10.03,105.63,47.24,2.34,0.138516779450352,0.0375121187262287,0.0259643182992382,0.0378090159961222
"Europe_Eastern_south","Africa_Southern",2.32,27.29,17.14,1.51,0.0320397735119459,0.0096914297078366,0.00942058458189973,0.0243981257068993
"Europe_Eastern_south","Africa_West",3.05,108.65,46,3,0.0421212539704461,0.0385846038019951,0.0252827824251685,0.0484730974309258
"Europe_Eastern_south","America_Caribbean",2.28,15.07,2.33,0.16,0.0314873636238089,0.00535177155357631,0.00128062789240527,0.00258523186298271
"Europe_Eastern_south","America_Central_and_Mexico",9.95,193.45,55,4.5,0.137411959674078,0.0686994165255035,0.0302294137692232,0.0727096461463888
"Europe_Eastern_south","America_North",14.51,224.11,72.54,0.53,0.200386686921696,0.0795876259370927,0.0398698486330809,0.00856358054613023
"Europe_Eastern_south","America_South_andean",0.36,113.64,259.14,4.35,0.00497168899323298,0.0403566900695695,0.142430005166482,0.0702859912748425
"Europe_Eastern_south","America_South_temperate",0,1.98,1.51,0.24,0,0.000703152466893238,0.000829934814391399,0.00387784779447407
"Europe_Eastern_south","America_South_tropical",6.83,64.03,13.9,0.93,0.0943239883993924,0.0227388143713,0.00763979729804003,0.015026660203587
"Europe_Eastern_south","Asia_Central",5.04,648.38,545.72,24.13,0.0696036459052617,0.230257573981938,0.299941739675281,0.38988528033608
"Europe_Eastern_south","Asia_East",5.74,188.26,174.04,2.6,0.0792708189476592,0.0668563047562227,0.09565685767992,0.0420100177734691
"Europe_Eastern_south","Asia_South",1.52,290.02,102.07,3.17,0.0209915757492059,0.102994080024433,0.0561002956986292,0.051219906285345
"Europe_Eastern_south","Asia_Southeast",0.53,263.49,80.95,1.51,0.00731943101781522,0.0935725472230804,0.0444922008112475,0.0243981257068993
"Europe_Eastern_south","Asia_West",13.01,755.59,606.89,27.02,0.179671316116558,0.268330794171647,0.333562344043706,0.436581030861205
"Europe_Eastern_south","Europe_Eastern_north",0.08,210.47,78.75,0.17,0.001104819776274,0.0747436867207171,0.0432830242604786,0.00274680885441913
"Europe_Eastern_south","Europe_Eastern_south",7.06,277.84,102.11,0.54,0.0975003452561801,0.0986686269705138,0.056122280726825,0.00872515753756665
"Europe_Eastern_south","Europe_Western_north",0.08,210.47,78.75,0.17,0.001104819776274,0.0747436867207171,0.0432830242604786,0.00274680885441913
"Europe_Eastern_south","Europe_Western_south",7.06,277.84,102.11,0.54,0.0975003452561801,0.0986686269705138,0.056122280726825,0.00872515753756665
"Europe_Eastern_south","Mediterranean_SouthandEast",12.21,911.54,614.18,26.06,0.168623118353819,0.323712929127203,0.33756911543239,0.421069639683309
"Europe_Eastern_south","Not_Specified",3.64,196.73,294.97,3.85,0.0502692998204668,0.0698642347534882,0.162123094172868,0.0622071417030215
"Europe_Eastern_south","Pacific_Region_tropical",0.37,6.23,1.11,0,0.00510979146526723,0.00221244437815398,0.000610084532433413,0
"Europe_Western_north","Africa_Central",5.88,120.76,35.25,2.26,0.0926275992438563,0.0509469225544338,0.0222981307524433,0.0551892551892552
"Europe_Western_north","Africa_East",4.12,58.05,24.65,1.81,0.0649023314429742,0.0244904674915939,0.0155928772495809,0.0442002442002442
"Europe_Western_north","Africa_Southern",0.02,4.32,1.2,0.27,0.000315059861373661,0.00182254641797908,0.000759085302210836,0.00659340659340659
"Europe_Western_north","Africa_West",5.88,121.11,35.27,2.27,0.0926275992438563,0.0510945825651497,0.0223107821741468,0.0554334554334554
"Europe_Western_north","America_Caribbean",0.1,1.48,0.23,0.05,0.00157529930686831,0.000624390902455797,0.00014549134959041,0.00122100122100122
"Europe_Western_north","America_Central_and_Mexico",9.66,144.84,33.17,2.35,0.152173913043478,0.0611059312916876,0.0209823828952779,0.0573870573870574
"Europe_Western_north","America_North",11.92,151.62,124.91,0.16,0.187775677378702,0.063966316642127,0.0790144542492963,0.00390720390720391
"Europe_Western_north","America_South_andean",0.3,159.03,257.03,4.11,0.00472589792060491,0.067092490011855,0.162589746022709,0.1003663003663
"Europe_Western_north","America_South_temperate",0,0.54,2.21,0.22,0,0.000227818302247385,0.00139798209823829,0.00537240537240537
"Europe_Western_north","America_South_tropical",10.77,111.5,28.87,1.79,0.169659735349716,0.0470402605566361,0.0182623272290224,0.0437118437118437
"Europe_Western_north","Asia_Central",3.84,852.99,532.02,27.74,0.0604914933837429,0.359864321544439,0.336540468735174,0.677411477411477
"Europe_Western_north","Asia_East",11.53,283.13,319.05,2.17,0.181632010081916,0.119448510954263,0.201821804725306,0.052991452991453
"Europe_Western_north","Asia_South",3.87,524.9,171.83,1.95,0.0609640831758034,0.221447827499357,0.10869468956574,0.0476190476190476
"Europe_Western_north","Asia_Southeast",3.62,517.54,174.79,1.6,0.0570258349086326,0.218342748416874,0.11056709997786,0.0390720390720391
"Europe_Western_north","Asia_West",8,990.14,614.4,29.82,0.126023944549464,0.417725951457826,0.388651674731948,0.728205128205128
"Europe_Western_north","Europe_Eastern_north",0.53,455.39,180.98,0.87,0.00834908632640202,0.192122549371179,0.114482714995098,0.0212454212454212
"Europe_Western_north","Europe_Eastern_south",19.04,612.29,195.22,0.79,0.299936988027725,0.258316422746392,0.123490527247999,0.0192918192918193
"Europe_Western_north","Europe_Western_north",0.53,455.39,180.98,0.87,0.00834908632640202,0.192122549371179,0.114482714995098,0.0212454212454212
"Europe_Western_north","Europe_Western_south",19.04,612.29,195.22,0.79,0.299936988027725,0.258316422746392,0.123490527247999,0.0192918192918193
"Europe_Western_north","Mediterranean_SouthandEast",22.62,1484.66,712.4,28.48,0.356332703213611,0.626356890027043,0.450643641079166,0.695482295482295
"Europe_Western_north","Not_Specified",7.32,250.01,332.7,4.81,0.11531190926276,0.10547565508309,0.210456400037954,0.117460317460317
"Europe_Western_north","Pacific_Region_tropical",3.5,25.88,5.14,0.05,0.0551354757403907,0.0109184030780784,0.00325141537780308,0.00122100122100122
"Europe_Western_south","Africa_Central",2.53,116.16,37.89,3.05,0.0304892745239817,0.047520475204752,0.0233656674539501,0.0693654764612236
"Europe_Western_south","Africa_East",24.45,259.38,54.31,2.93,0.294649313087491,0.106111061110611,0.0334914066884146,0.0666363429611099
"Europe_Western_south","Africa_Southern",0.29,19.52,5.43,1.09,0.00349481802844059,0.00798553440079855,0.00334852399775532,0.0247896292926996
"Europe_Western_south","Africa_West",2.53,116.18,37.91,3.05,0.0304892745239817,0.0475286571047529,0.0233780008756729,0.0693654764612236
"Europe_Western_south","America_Caribbean",0.23,2.51,0.43,0.02,0.00277175222945288,0.00102682845010268,0.000265168567041397,0.000454855583352286
"Europe_Western_south","America_Central_and_Mexico",6.24,118.76,30.11,2.02,0.0751988430947216,0.0485841222048584,0.0185679664037592,0.0459404139185808
"Europe_Western_south","America_North",17.56,230.92,111.19,0.24,0.211617257170402,0.0944682174094468,0.0685676580682162,0.00545826700022743
"Europe_Western_south","America_South_andean",0.37,109.98,258.77,3.52,0.0044589057604242,0.0449922681044992,0.159575976961168,0.0800545826700023
"Europe_Western_south","America_South_temperate",0,0,0.22,0.02,0,0,0.000135667638951412,0.000454855583352286
"Europe_Western_south","America_South_tropical",5.5,63.58,21.92,0.96,0.0662810315738732,0.026010260102601,0.0135174302082498,0.0218330680009097
"Europe_Western_south","Asia_Central",3.75,897.84,438.13,23.89,0.0451916124367317,0.36730185483673,0.270182102971738,0.543324994314305
"Europe_Western_south","Asia_East",14.04,314.06,298.6,2.13,0.169197396963124,0.128480375712848,0.184137986322235,0.0484421196270184
"Europe_Western_south","Asia_South",2.98,360.25,125.64,2.56,0.0359122680163895,0.147376473764738,0.0774785552629794,0.0582215146690926
"Europe_Western_south","Asia_Southeast",2.7,339,113.55,1.42,0.0325379609544469,0.138683205013868,0.0700230018315131,0.0322947464180123
"Europe_Western_south","Asia_West",27.89,1212.75,537.87,26.2,0.336105085562786,0.496129961299613,0.331688877103619,0.595860814191494
"Europe_Western_south","Europe_Eastern_north",0.16,257.75,105.31,0.18,0.00192817546396722,0.105444236260544,0.0649416320816966,0.00409370025017057
"Europe_Western_south","Europe_Eastern_south",26.96,513.92,142.61,1.21,0.324897565678477,0.210242102421024,0.0879434635948224,0.0275187627928133
"Europe_Western_south","Europe_Western_north",0.16,257.75,105.31,0.18,0.00192817546396722,0.105444236260544,0.0649416320816966,0.00409370025017057
"Europe_Western_south","Europe_Western_south",26.96,513.92,142.61,1.21,0.324897565678477,0.210242102421024,0.0879434635948224,0.0275187627928133
"Europe_Western_south","Mediterranean_SouthandEast",30.51,1461.42,583.42,25.8,0.367678958785249,0.597859614959786,0.359778245077423,0.586763702524449
"Europe_Western_south","Not_Specified",6.16,192.66,348.75,4.99,0.074234755362738,0.0788162427078816,0.215064041292296,0.113486468046395
"Europe_Western_south","Pacific_Region_tropical",2.58,17.34,4.15,0.01,0.0310918293564714,0.00709370730070937,0.00255918500749255,0.000227427791676143
"Mediterranean_SouthandEast","Africa_Central",4.18,351.59,80.78,7.12,0.0685920577617329,0.117106494665774,0.0460109246042821,0.102756530523885
"Mediterranean_SouthandEast","Africa_East",10.41,193.71,59.65,4.87,0.170823761076469,0.0645203193540974,0.033975633234036,0.0702843123105787
"Mediterranean_SouthandEast","Africa_Southern",2.24,119.95,31.64,3.86,0.0367574663603545,0.0399525698545453,0.018021609983653,0.0557078943570501
"Mediterranean_SouthandEast","Africa_West",4.18,351.81,80.78,7.12,0.0685920577617329,0.117179771575887,0.0460109246042821,0.102756530523885
"Mediterranean_SouthandEast","America_Caribbean",1.89,21.03,4.62,0.15,0.0310141122415491,0.00700460645303117,0.00263147402416172,0.00216481454755376
"Mediterranean_SouthandEast","America_Central_and_Mexico",10.8,465.73,115.89,7.06,0.177223498523138,0.15512388793962,0.0660089880216669,0.101890604704864
"Mediterranean_SouthandEast","America_North",7.72,90.49,84.52,0.31,0.12668198227765,0.030140125436747,0.0481411654809845,0.00447395006494444
"Mediterranean_SouthandEast","America_South_andean",0.92,134.1,371.38,4.73,0.0150968165408599,0.0446656074822387,0.211531779890298,0.0682638187328619
"Mediterranean_SouthandEast","America_South_temperate",0,2.69,4.59,0.37,0,0.000895976764557957,0.00261438653049833,0.00533987588396594
"Mediterranean_SouthandEast","America_South_tropical",7.03,137.22,23.06,1.32,0.115359369872005,0.0457048072983802,0.0131345867959241,0.0190503680184731
"Mediterranean_SouthandEast","Asia_Central",5.28,1315.92,725.74,36.23,0.0866425992779783,0.438302507069556,0.413369255042235,0.522874873719151
"Mediterranean_SouthandEast","Asia_East",12.1,323.3,250.97,4.98,0.1985559566787,0.107683750179029,0.142948276156681,0.0718718429787848
"Mediterranean_SouthandEast","Asia_South",3.34,727.67,276.09,8.02,0.0548080078765999,0.242370041734531,0.157256204184158,0.115745417809208
"Mediterranean_SouthandEast","Asia_Southeast",0.9,575.03,215.07,3.7,0.0147686248769281,0.19152918919099,0.122500242072827,0.0533987588396594
"Mediterranean_SouthandEast","Asia_West",13.92,1528.23,837.03,41.25,0.228421398096488,0.509018056096806,0.476758160702182,0.595324000577284
"Mediterranean_SouthandEast","Europe_Eastern_north",0.19,416.19,183.35,0.22,0.00311782080735149,0.138623260089731,0.104433065439405,0.00317506133641218
"Mediterranean_SouthandEast","Europe_Eastern_south",7.15,472.56,207.15,0.67,0.117328519855596,0.15739880292175,0.117989143745693,0.00966950497907346
"Mediterranean_SouthandEast","Europe_Western_north",0.19,416.19,183.35,0.22,0.00311782080735149,0.138623260089731,0.104433065439405,0.00317506133641218
"Mediterranean_SouthandEast","Europe_Western_south",7.15,472.56,207.15,0.67,0.117328519855596,0.15739880292175,0.117989143745693,0.00966950497907346
"Mediterranean_SouthandEast","Mediterranean_SouthandEast",12.6,1878.65,926.5,40.17,0.206760748276994,0.625734850831526,0.527718762637626,0.579737335834897
"Mediterranean_SouthandEast","Not_Specified",4.34,177.41,453.83,4.16,0.0712175910731867,0.0590911664684859,0.258493908308509,0.0600375234521576
"Mediterranean_SouthandEast","Pacific_Region_tropical",0.47,3.86,3.14,0,0.0077125041023958,0.00128567669561105,0.00178849100343459,0
"Pacific_Region_ausnz","Africa_Central",12.93,230.23,59.64,3.28,0.18897983045893,0.105172035741042,0.0402586707348355,0.0926030491247882
"Pacific_Region_ausnz","Africa_East",10.89,125.59,35.38,2.22,0.159163987138264,0.0573711330787363,0.0238824911233816,0.0626764539808018
"Pacific_Region_ausnz","Africa_Southern",6.05,65.95,9.64,0.82,0.0884244372990354,0.0301268112631791,0.00650727005170715,0.0231507622811971
"Pacific_Region_ausnz","Africa_West",12.93,230.23,59.64,3.28,0.18897983045893,0.105172035741042,0.0402586707348355,0.0926030491247882
"Pacific_Region_ausnz","America_Caribbean",5.96,52.98,5.58,0,0.087109032446653,0.0242019478502385,0.00376665631623712,0
"Pacific_Region_ausnz","America_Central_and_Mexico",20.33,229.88,47.03,1.74,0.297135340543701,0.105012151223345,0.0317465674825505,0.049124788255223
"Pacific_Region_ausnz","America_North",3.7,85.24,84.79,0.19,0.0540777550423853,0.0389387322528185,0.0572356252784491,0.00536420101637493
"Pacific_Region_ausnz","America_South_andean",0.28,99.93,214.68,3.01,0.00409237065185618,0.0456493138670126,0.14491501397308,0.0849802371541502
"Pacific_Region_ausnz","America_South_temperate",0,0.95,1.67,0.19,0,0.000433972262320244,0.00112729678281649,0.00536420101637493
"Pacific_Region_ausnz","America_South_tropical",21.42,211.09,55.84,1.8,0.313066354866998,0.0964286366875582,0.0376935642829177,0.0508187464709204
"Pacific_Region_ausnz","Asia_Central",2.53,691.03,517.51,19.59,0.0369774919614148,0.315671423611746,0.349333747350515,0.553077357425183
"Pacific_Region_ausnz","Asia_East",4.42,226.18,242.81,2.73,0.064600993861444,0.103321943464835,0.163903551997408,0.0770750988142292
"Pacific_Region_ausnz","Asia_South",2.96,557.77,187.46,3.3,0.0432622040339082,0.254796535530908,0.126540751441185,0.093167701863354
"Pacific_Region_ausnz","Asia_Southeast",2.39,536.97,179.56,2.46,0.0349313066354867,0.245294827050633,0.121208030133251,0.0694522868435912
"Pacific_Region_ausnz","Asia_West",7.51,799.31,545.32,21.56,0.109763227126571,0.365135125258099,0.368106276410471,0.608695652173913
"Pacific_Region_ausnz","Europe_Eastern_north",0.24,425.19,183.74,0.36,0.00350774627301958,0.19423228022731,0.12402964723036,0.0101637492941841
"Pacific_Region_ausnz","Europe_Eastern_south",25.74,657.21,215.96,0.99,0.37620578778135,0.300222011073145,0.145779049830568,0.0279503105590062
"Pacific_Region_ausnz","Europe_Western_north",0.24,425.19,183.74,0.36,0.00350774627301958,0.19423228022731,0.12402964723036,0.0101637492941841
"Pacific_Region_ausnz","Europe_Western_south",25.74,657.21,215.96,0.99,0.37620578778135,0.300222011073145,0.145779049830568,0.0279503105590062
"Pacific_Region_ausnz","Mediterranean_SouthandEast",28.22,1366.56,649.94,21.1,0.41245249926922,0.624262247154056,0.438727707199849,0.5957086391869
"Pacific_Region_ausnz","Not_Specified",7.08,194.76,302.88,4.73,0.103478515054078,0.0889688819047271,0.204452484778118,0.133540372670807
"Pacific_Region_ausnz","Pacific_Region_tropical",2.1,19.67,7.33,0.1,0.0306927798889214,0.00898550989456758,0.00494795534014662,0.00282326369282891
"Pacific_Region_tropical","Africa_Central",3.56,494.36,135.71,9.73,0.064063343530682,0.217510482618433,0.0929482350040409,0.2545121632226
"Pacific_Region_tropical","Africa_East",1.23,59.46,20.47,3.32,0.022134245096275,0.0261614477233029,0.0140199717819816,0.0868427936175778
"Pacific_Region_tropical","Africa_Southern",0.16,25.33,7.62,1.64,0.00287925139463739,0.0111447943294864,0.00521896360423544,0.0428982474496469
"Pacific_Region_tropical","Africa_West",3.61,540.86,185.42,10.59,0.0649631095915062,0.23796973790154,0.126994781036396,0.277007585665708
"Pacific_Region_tropical","America_Caribbean",0.48,152.43,183.98,3.17,0.00863775418391218,0.0670667587699808,0.1260085201978,0.0829191734240126
"Pacific_Region_tropical","America_Central_and_Mexico",4.63,336.39,340.02,4.93,0.0833183372323196,0.148006212573862,0.232880840513404,0.128956317028512
"Pacific_Region_tropical","America_North",4.85,51.68,18.59,0,0.087277307899946,0.0227383723232474,0.0127323534649261,0
"Pacific_Region_tropical","America_South_andean",0.07,39.45,65.51,1.03,0.00125967248515386,0.0173573681917978,0.0448680191225018,0.0269421919958148
"Pacific_Region_tropical","America_South_temperate",0,0.46,1.19,0.11,0,0.000202392632908162,0.000815034998561703,0.00287732147528119
"Pacific_Region_tropical","America_South_tropical",6.73,406.06,407.14,6.62,0.121108511786935,0.178659896779757,0.278851554045724,0.173162437876014
"Pacific_Region_tropical","Asia_Central",3.45,508.04,263.19,13.39,0.0620838581968688,0.223529463527528,0.180259715354164,0.350248495945592
"Pacific_Region_tropical","Asia_East",6.89,516.65,182.83,8.31,0.123987763181573,0.227317725634787,0.125220881333644,0.217368558723516
"Pacific_Region_tropical","Asia_South",28.87,1229.95,698.73,16.53,0.519524923519885,0.541158301837813,0.478562524827747,0.432382945330892
"Pacific_Region_tropical","Asia_Southeast",28.61,1203.63,692.62,14.86,0.514846140003599,0.52957792336359,0.474377765297317,0.388699973842532
"Pacific_Region_tropical","Asia_West",4.67,569.77,276.25,16.56,0.0840381500809789,0.250689674895834,0.189204553237538,0.433167669369605
"Pacific_Region_tropical","Europe_Eastern_north",0.02,235.93,89.12,0.05,0.000359906424329674,0.103805421482658,0.0610385874553101,0.00130787339785509
"Pacific_Region_tropical","Europe_Eastern_south",1.19,267.47,96.6,1.56,0.0214144322476156,0.117682516356405,0.0661616645891265,0.0408056500130787
"Pacific_Region_tropical","Europe_Western_north",0.02,235.93,89.12,0.05,0.000359906424329674,0.103805421482658,0.0610385874553101,0.00130787339785509
"Pacific_Region_tropical","Europe_Western_south",1.19,267.47,96.6,1.56,0.0214144322476156,0.117682516356405,0.0661616645891265,0.0408056500130787
"Pacific_Region_tropical","Mediterranean_SouthandEast",4.75,796.7,337.22,16.39,0.0854777757782976,0.350535240517245,0.230963111105023,0.428720899816898
"Pacific_Region_tropical","Not_Specified",4.91,140.69,197.32,2.82,0.088357027172935,0.0619013467909768,0.135145131022013,0.0737640596390269
"Pacific_Region_tropical","Pacific_Region_tropical",27.41,451.26,401.83,5.57,0.493251754543819,0.198547172882907,0.275214717203403,0.145697096521057
