"Region","Region_crops","HA_value","PV_value","PQ_value","HA_percentage","PV_percentage","PQ_percentage"
"Africa_Central","Africa_Central",1856549,958.87,4728729,0.156267854804102,0.0671526968019357,0.0958859751440464
"Africa_Central","Africa_East",2238957.33,565.63,2152301.67,0.188455601741198,0.0396128566876416,0.0436429206309157
"Africa_Central","Africa_Southern",2012808.33,497.6,2195648.67,0.169420381504031,0.0348485007651123,0.0445218818411202
"Africa_Central","Africa_West",2446580.67,1155.6,6155641,0.205931495967024,0.0809303205067599,0.124819933627339
"Africa_Central","America_Caribbean",189583.67,77.02,363175.67,0.0159574745491709,0.00539395403723663,0.00736423112141601
"Africa_Central","America_Central_and_Mexico",6563300.33,5383.03,28399919.49,0.55244050278455,0.376990605051492,0.575874399719472
"Africa_Central","America_North",170138.33,0,186140,0.0143207380193318,0,0.00377442129022678
"Africa_Central","America_South_andean",1282662,820.42,2445109.67,0.10796312899834,0.0574566057028003,0.0495802836326817
"Africa_Central","America_South_temperate",0,0,0,0,0,0
"Africa_Central","America_South_tropical",4084452,4987.61,27259778.99,0.343793000933626,0.349298092646868,0.552755400165105
"Africa_Central","Asia_Central",29143.67,79.39,133637.33,0.00245305606909306,0.00555993262809941,0.00270980758311519
"Africa_Central","Asia_East",858505,62.74,832057.67,0.0722613487112893,0.00439388050241789,0.0168719038591624
"Africa_Central","Asia_South",2127334.33,2373.58,14124535.37,0.179060166039367,0.166229309578085,0.286407795288972
"Africa_Central","Asia_Southeast",1995209,2373.75,14022770.04,0.1679390257493,0.166241215215404,0.284344266610778
"Africa_Central","Asia_West",337728,79.39,342982.33,0.0284269524086246,0.00555993262809941,0.00695476420180288
"Africa_Central","Europe_Eastern_north",139.33,1.82,1129.67,1.17275656122491e-05,0.000127460352476898,2.29066858221258e-05
"Africa_Central","Europe_Eastern_south",12597.67,8.22,68116,0.0010603603063695,0.000575672580967088,0.00138121027508911
"Africa_Central","Europe_Western_north",139.33,1.82,1129.67,1.17275656122491e-05,0.000127460352476898,2.29066858221258e-05
"Africa_Central","Europe_Western_south",12400.33,8.22,67563.67,0.00104374997264438,0.000575672580967088,0.00137001050012816
"Africa_Central","Mediterranean_SouthandEast",35017.67,8.22,76752.67,0.00294747737395455,0.000575672580967088,0.00155633884028017
"Africa_Central","Not_Specified",309047.33,226.97,1830517.61,0.0260128675795981,0.0158954264844404,0.0371180006410178
"Africa_Central","Pacific_Region_tropical",421869,501.32,1863674.04,0.0355091967076288,0.0351090241229222,0.0377903243505907
"Africa_East","Africa_Central",10955687.76,3743.78,9531934.1,0.25714246170112,0.0951193101005672,0.0852181813263054
"Africa_East","Africa_East",16502590.43,5093.11,12371096.76,0.38733458095702,0.129402130858731,0.110601096885358
"Africa_East","Africa_Southern",13212398.76,3798.87,11234008,0.310110037502861,0.0965189977941389,0.100435202417646
"Africa_East","Africa_West",14090554.06,4545.94,11694336.03,0.330721341927065,0.115500023120635,0.104550664937485
"Africa_East","America_Caribbean",796605.33,414.07,821879,0.0186972338065642,0.0105203972277596,0.00734783024258241
"Africa_East","America_Central_and_Mexico",10353423.62,9033.31,28981979.26,0.243006636826726,0.229511941172973,0.259107075003162
"Africa_East","America_North",416663.33,152.31,704314.67,0.00977956260929312,0.00386978458173754,0.0062967719488154
"Africa_East","America_South_andean",3085116.99,3996.33,8694698.17,0.0724112072946255,0.101535921591066,0.0777330557948943
"Africa_East","America_South_temperate",35.33,0.5,236.67,8.29235313283571e-07,1.27036457938991e-05,2.11589660219081e-06
"Africa_East","America_South_tropical",4445922.93,7531.24,18157246.83,0.104350871601844,0.191348410697689,0.162330911702948
"Africa_East","Asia_Central",3431246.72,2790.34,7743797.67,0.0805352660292224,0.0708949820090968,0.0692317369248578
"Africa_East","Asia_East",3807202.19,3300.73,4942734,0.0893593688298485,0.0838626095625932,0.0441894370901803
"Africa_East","Asia_South",8977673.3,11232.15,41344945.94,0.210716210910927,0.285378510207888,0.369635486678534
"Africa_East","Asia_Southeast",6272216.63,9734.75,39325546.94,0.147216063463359,0.247333631784319,0.35158148962539
"Africa_East","Asia_West",6782216.72,4526.46,10695760.33,0.159186346067542,0.115005089080505,0.0956231163227035
"Africa_East","Europe_Eastern_north",167585.33,103.79,199564.33,0.00393341844393662,0.00263702279389758,0.00178416143898882
"Africa_East","Europe_Eastern_south",714031.67,598.46,2100719,0.0167591360194407,0.0152052477236337,0.0187810208064295
"Africa_East","Europe_Western_north",167585.33,103.79,199564.33,0.00393341844393662,0.00263702279389758,0.00178416143898882
"Africa_East","Europe_Western_south",707121.67,591.93,2080506.67,0.0165969504543462,0.0150393381095654,0.0186003168711214
"Africa_East","Mediterranean_SouthandEast",4047756.05,3086.21,8335887.67,0.0950054417270654,0.0784122373711787,0.0745251886474722
"Africa_East","Not_Specified",5015246.67,1206.96,12928232.67,0.117713547794844,0.0306655846548089,0.115582049177273
"Africa_East","Pacific_Region_tropical",132704.67,116.49,355727,0.00311472965190045,0.00295969539706261,0.00318029978707707
"Africa_Indian_Ocean_Islands","Africa_Central",1683124.67,1392.43,4630537.33,0.494197597163759,0.28179312410449,0.242555763933806
"Africa_Indian_Ocean_Islands","Africa_East",180247.33,23.63,122100,0.0529240637778681,0.00478212299547489,0.00639581471127407
"Africa_Indian_Ocean_Islands","Africa_Southern",26086,13.62,47183.33,0.0076593485612767,0.0027563485060672,0.00247154656954053
"Africa_Indian_Ocean_Islands","Africa_West",1683124.67,1392.43,4630537.33,0.494197597163759,0.28179312410449,0.242555763933806
"Africa_Indian_Ocean_Islands","America_Caribbean",80097,10.36,29286.67,0.0235180112593951,0.0020966057652611,0.00153408775454733
"Africa_Indian_Ocean_Islands","America_Central_and_Mexico",1053762,1019.96,5046446,0.309404679085642,0.206414480341285,0.264341798251025
"Africa_Indian_Ocean_Islands","America_North",3990.33,14.42,31121.33,0.00117163721323772,0.00291824856516073,0.00163019050162502
"Africa_Indian_Ocean_Islands","America_South_andean",124939,160.13,384771,0.0366844801770049,0.032406320578307,0.0201549878973926
"Africa_Indian_Ocean_Islands","America_South_temperate",0,0,0,0,0,0
"Africa_Indian_Ocean_Islands","America_South_tropical",783835.33,890.84,4704488.67,0.230149045737689,0.180283810803591,0.246429466376807
"Africa_Indian_Ocean_Islands","Asia_Central",15286.33,15.93,51126,0.00448835887804573,0.00322383492669975,0.00267807062185584
"Africa_Indian_Ocean_Islands","Asia_East",1573541.67,1391.71,4695562,0.462021932309416,0.281647414051306,0.245961871558554
"Africa_Indian_Ocean_Islands","Asia_South",1883810,3801.8,12956184,0.5531226486705,0.769389555827188,0.678667913424846
"Africa_Indian_Ocean_Islands","Asia_Southeast",1920446.67,3816.76,12971592,0.563879875752247,0.772417086932237,0.679475011811999
"Africa_Indian_Ocean_Islands","Asia_West",38826.33,21.04,80249,0.0114001531405794,0.00425797155415962,0.00420358505131067
"Africa_Indian_Ocean_Islands","Europe_Eastern_north",4836.33,1.56,7746.67,0.00142003899514526,0.000315705115232367,0.000405784323909791
"Africa_Indian_Ocean_Islands","Europe_Eastern_south",26473.67,13.46,69812.67,0.00777317588845412,0.0027239684942485,0.00365691156281181
"Africa_Indian_Ocean_Islands","Europe_Western_north",4836.33,1.56,7746.67,0.00142003899514526,0.000315705115232367,0.000405784323909791
"Africa_Indian_Ocean_Islands","Europe_Western_south",25017.67,13.46,66294.33,0.0073456664387409,0.0027239684942485,0.00347261466902586
"Africa_Indian_Ocean_Islands","Mediterranean_SouthandEast",36271,20.14,87096,0.0106498593753763,0.00407583398767941,0.00456224306382577
"Africa_Indian_Ocean_Islands","Not_Specified",105665.33,0,574944.33,0.0310253620069128,0,0.0301166044551811
"Africa_Indian_Ocean_Islands","Pacific_Region_tropical",70795,0.95,314445.67,0.0207867661349223,0.000192256320173557,0.0164712222938774
"Africa_Southern","Africa_Central",4301069.33,777.9,4964449.33,0.109468180634184,0.0247389356946683,0.0324250015629719
"Africa_Southern","Africa_East",6181801,962.17,4430677,0.157335410473977,0.0305991281107327,0.0289386997631062
"Africa_Southern","Africa_Southern",5066959,941.09,4131604.33,0.128961135131948,0.0299287376178113,0.0269853246458317
"Africa_Southern","Africa_West",5575033.67,1019.08,5592433.67,0.14189234025419,0.0324089916283874,0.0365266434274527
"Africa_Southern","America_Caribbean",1127324,69.55,1374299.33,0.0286919595563114,0.00221184339576318,0.00897615323696762
"Africa_Southern","America_Central_and_Mexico",21917174,14404.68,68215101.33,0.557822480490648,0.458100594192408,0.445542822620276
"Africa_Southern","America_North",1377355.33,2975.69,3263328.33,0.0350556037332922,0.0946335050228403,0.0213142322878216
"Africa_Southern","America_South_andean",3392192.67,1817.36,10690511.33,0.0863360088979353,0.0577960562720946,0.0698244303732714
"Africa_Southern","America_South_temperate",613.67,10.85,6006.67,1.56187527462572e-05,0.000345053930180166,3.92322030484409e-05
"Africa_Southern","America_South_tropical",8129080.67,7929.13,41919696,0.206896379225168,0.252163822065388,0.273795967682745
"Africa_Southern","Asia_Central",1220924.33,1318.26,9567876.33,0.0310742177915813,0.041923575483807,0.0624920075384417
"Africa_Southern","Asia_East",3539621,5139.98,10107380.33,0.0900882644001818,0.163462700465203,0.0660157453954317
"Africa_Southern","Asia_South",6240369.33,3206.67,49729907,0.158826055714955,0.101979178459985,0.324807890062894
"Africa_Southern","Asia_Southeast",5041267.67,3155.63,49497904,0.128307255145974,0.100355993888888,0.323292576452549
"Africa_Southern","Asia_West",2398691.67,3904.04,11564762.33,0.0610500303228717,0.124157082541988,0.0755345480836338
"Africa_Southern","Europe_Eastern_north",56086.33,421.55,885922,0.00142747489809667,0.013406219748152,0.00578634614338408
"Africa_Southern","Europe_Eastern_south",356770.33,784.65,1912806.67,0.00908029978892658,0.0249536005821076,0.012493381469242
"Africa_Southern","Europe_Western_north",56086.33,421.55,885922,0.00142747489809667,0.013406219748152,0.00578634614338408
"Africa_Southern","Europe_Western_south",314124,532.64,1484591,0.00799489153399268,0.0169391267623192,0.00969651663165912
"Africa_Southern","Mediterranean_SouthandEast",1685583,3379.17,5167591.67,0.0429004254897492,0.107465058916766,0.0337518135121243
"Africa_Southern","Not_Specified",1648690.67,372.77,5413091,0.0419614645164194,0.0118549081615908,0.0353552775883623
"Africa_Southern","Pacific_Region_tropical",754738,198.66,858623,0.019209129027335,0.00631782615387942,0.00560804437035187
"Africa_West","Africa_Central",33481743.33,34545.67,46934312.7,0.339050223802817,0.275296811942255,0.176957458163672
"Africa_West","Africa_East",42432263.7,16876.34,32801534.97,0.429686959909717,0.134488710140911,0.123672339451516
"Africa_West","Africa_Southern",40613668.51,16555.7,32313706.3,0.411271099657191,0.13193350800469,0.121833068425767
"Africa_West","Africa_West",55183627.74,72038.18,108056391.69,0.558812638609949,0.574077193816832,0.407407359601125
"Africa_West","America_Caribbean",1924974.85,3057.38,3923335.95,0.0194931054597298,0.02436447076858,0.0147922387118317
"Africa_West","America_Central_and_Mexico",29636093.85,55980.21,117455013.71,0.300107558720832,0.446110130295864,0.442843188256613
"Africa_West","America_North",14692.33,26.55,74465.67,0.000148780716869704,0.000211578769700135,0.00028075953232516
"Africa_West","America_South_andean",1197393.33,3327.37,4234558,0.0121253087844067,0.0265160395833197,0.0159656459638886
"Africa_West","America_South_temperate",0,0,0,0,0,0
"Africa_West","America_South_tropical",32556770.54,82745.77,159156883.39,0.329683560055054,0.659406712410183,0.600072652900409
"Africa_West","Asia_Central",336439.33,1525.92,2735911.41,0.0034069262465901,0.012160161064438,0.0103152661884956
"Africa_West","Asia_East",23167946.76,11805.45,25387667.63,0.234608379157829,0.094078440179151,0.0957196744570403
"Africa_West","Asia_South",31246383.93,49745.22,97424673.55,0.316414033763972,0.396423067648307,0.36732236187265
"Africa_West","Asia_Southeast",30358934.07,49013.35,96745789.37,0.307427342996971,0.390590745456954,0.364762750109542
"Africa_West","Asia_West",1721994.19,2834.16,3725225.58,0.0174376378718465,0.0225856152893911,0.0140452988826465
"Africa_West","Europe_Eastern_north",4925,8.63,73323.33,4.98726226938337e-05,6.87730614882172e-05,0.000276452543021816
"Africa_West","Europe_Eastern_south",81012.67,142.49,490347.41,0.000820368390726916,0.00113551257606675,0.00184876748585561
"Africa_West","Europe_Western_north",4925,8.63,73323.33,4.98726226938337e-05,6.87730614882172e-05,0.000276452543021816
"Africa_West","Europe_Western_south",81012.67,142.49,490347.41,0.000820368390726916,0.00113551257606675,0.00184876748585561
"Africa_West","Mediterranean_SouthandEast",201452.33,314.8,725823.74,0.00203999107510329,0.0025086627759549,0.0027365890052812
"Africa_West","Not_Specified",3392311.39,546.38,14423481.68,0.0343519727946121,0.00435413966812655,0.0543811661263144
"Africa_West","Pacific_Region_tropical",1559073.67,2387.35,6003398.74,0.0157878361209748,0.0190249557756541,0.0226347446092119
"America_Caribbean","Africa_Central",908442.66,1043.63,2024370.19,0.204682971994089,0.238351139877676,0.0528883797544792
"America_Caribbean","Africa_East",477233.55,94.26,319246.26,0.107526413774194,0.0215277238531565,0.00834057798197336
"America_Caribbean","Africa_Southern",277602.67,75.62,767232.79,0.0625471942600037,0.0172705970483312,0.0200446041727223
"America_Caribbean","Africa_West",1044685.27,1246.95,2961724.77,0.235380057847622,0.28478670972516,0.0773775592714136
"America_Caribbean","America_Caribbean",45689.43,115.4,310732.48,0.0102943738035331,0.0263558172358823,0.00811814829395958
"America_Caribbean","America_Central_and_Mexico",1725038.56,818.75,5754494.07,0.388671772927533,0.18699155426238,0.150341014292973
"America_Caribbean","America_North",73935.72,52.14,478673.2,0.0166586000112796,0.0119080789486907,0.0125057413436284
"America_Caribbean","America_South_andean",352260.39,289.08,1433219.75,0.0793684694871078,0.0660220073357786,0.0374440755866
"America_Caribbean","America_South_temperate",0,0,0,0,0,0
"America_Caribbean","America_South_tropical",992873.75,904.87,5667175.22,0.223706304110506,0.206660210937893,0.148059735640809
"America_Caribbean","Asia_Central",28052.56,129.87,351779.44,0.00632057652691312,0.0296605717887698,0.00919053476703194
"America_Caribbean","Asia_East",582178.63,1250.88,2796310.27,0.131171792636695,0.285684269185619,0.0730559658513399
"America_Caribbean","Asia_South",1850810.36,2629.07,28266257.17,0.417009660337011,0.600444440384238,0.738479824900372
"America_Caribbean","Asia_Southeast",1719945.02,2625.02,28277352.63,0.38752413758292,0.599519474528039,0.738769703157288
"America_Caribbean","Asia_West",58024.24,148.92,431065.98,0.013073553691213,0.0340113371123708,0.0112619625412864
"America_Caribbean","Europe_Eastern_north",2182.48,23.93,34978.93,0.000491738788134036,0.00546529208366259,0.000913854067988102
"America_Caribbean","Europe_Eastern_south",19426.52,99.53,328341.97,0.00437702677800558,0.0227313213993706,0.00857821108237809
"America_Caribbean","Europe_Western_north",2182.48,23.93,34978.93,0.000491738788134036,0.00546529208366259,0.000913854067988102
"America_Caribbean","Europe_Western_south",19192.19,99.53,327412.97,0.00432422943268125,0.0227313213993706,0.0085539401733148
"America_Caribbean","Mediterranean_SouthandEast",22532.69,99.53,346972.11,0.00507688394578641,0.0227313213993706,0.00906493921346122
"America_Caribbean","Not_Specified",216716,138.76,1627682.67,0.0488287009316263,0.0316909289397836,0.0425245834956425
"America_Caribbean","Pacific_Region_tropical",132081.62,132.65,649405.44,0.0297595651522948,0.030295486623395,0.0169662652093018
"America_Central_and_Mexico","Africa_Central",4376566.5,4265.71,19086579.09,0.200999106760499,0.121798224925734,0.0818833335635001
"America_Central_and_Mexico","Africa_East",4119589.79,3753.83,14885114.3,0.18919714072885,0.107182586409523,0.0638586293337558
"America_Central_and_Mexico","Africa_Southern",2432382.52,2504.49,15592886.45,0.111710107414077,0.0715103549805898,0.0668950426570721
"America_Central_and_Mexico","Africa_West",4447288.83,4487.9,20633951.42,0.204247115252549,0.128142385123274,0.0885217156458453
"America_Central_and_Mexico","America_Caribbean",317937.27,1193.93,3104948.15,0.0146016534367458,0.0340901173979435,0.0133205381574652
"America_Central_and_Mexico","America_Central_and_Mexico",11932681.66,11578.69,50402066.68,0.54802282906415,0.33060472675483,0.216229907873355
"America_Central_and_Mexico","America_North",72347.67,1146.75,1122555.45,0.00332265419620685,0.032742993413426,0.00481587517189152
"America_Central_and_Mexico","America_South_andean",2187395.51,3610.62,7105289.35,0.100458782847679,0.103093531178011,0.030482402067328
"America_Central_and_Mexico","America_South_temperate",7200.33,171.47,242131.67,0.000330683858769385,0.00489595908489222,0.00103876908519898
"America_Central_and_Mexico","America_South_tropical",1200942.02,4642.94,16027884.68,0.0551547139272645,0.132569220701053,0.0687612285774859
"America_Central_and_Mexico","Asia_Central",1686356.33,3181.63,36831070,0.0774479528666851,0.0908446393145486,0.158008974583125
"America_Central_and_Mexico","Asia_East",1423093.81,3507.93,14217546.39,0.0653573034127084,0.100161437876398,0.0609946962217474
"America_Central_and_Mexico","Asia_South",2841473.13,10628.88,113537844.18,0.130498088173448,0.303484933797336,0.487088708942218
"America_Central_and_Mexico","Asia_Southeast",2465584.75,9836.84,111640497.94,0.113234959960578,0.280869925728298,0.478948903777406
"America_Central_and_Mexico","Asia_West",1990175.38,4198.97,38428054.36,0.0914012099842962,0.119892606979005,0.164860197236958
"America_Central_and_Mexico","Europe_Eastern_north",170304.33,605.36,1242968,0.00782143221345894,0.0172847599675183,0.00533245705649165
"America_Central_and_Mexico","Europe_Eastern_south",385675.67,1386.32,3073228.33,0.0177126213366704,0.0395834023360809,0.0131844569566703
"America_Central_and_Mexico","Europe_Western_north",170304.33,605.36,1242968,0.00782143221345894,0.0172847599675183,0.00533245705649165
"America_Central_and_Mexico","Europe_Western_south",229459.67,956.06,2784185.33,0.0105382127079661,0.0272982483390801,0.0119444335731403
"America_Central_and_Mexico","Mediterranean_SouthandEast",1234503.67,2648.22,6824913.12,0.0566960732717206,0.07561425769985,0.0292795599940517
"America_Central_and_Mexico","Not_Specified",459207.08,860.67,3159420.67,0.0210896402232428,0.0245745909231597,0.0135542307172567
"America_Central_and_Mexico","Pacific_Region_tropical",250489,507.44,2808358.33,0.0115040101077707,0.0144888638131318,0.0120481381612122
"America_North","Africa_Central",3300014.67,4465.37,20637054.33,0.0243931592542234,0.0220087151233281,0.0202131182584945
"America_North","Africa_East",7559930.67,3897.16,28751447.33,0.0558817493936165,0.0192081471927364,0.0281608215829204
"America_North","Africa_Southern",6033784.33,3963.32,27544025,0.044600729628674,0.0195342336295959,0.0269782026900313
"America_North","Africa_West",3466841,4915.55,21902527.33,0.0256263117224479,0.0242275420904595,0.0214525953172309
"America_North","America_Caribbean",3767856,1851.68,13789557.33,0.0278513645077163,0.00912647722799322,0.01350628576087
"America_North","America_Central_and_Mexico",41764446,72577.24,461818499.67,0.308715834418522,0.357715441183465,0.452331606949363
"America_North","America_North",1315157,9109.17,11342852,0.00972142167637901,0.0448968680176483,0.0111098418019526
"America_North","America_South_andean",1572352.33,19322.61,39604057.67,0.01162256675345,0.0952364124202854,0.0387904924995148
"America_North","America_South_temperate",26407,2326.37,1312263.67,0.000195196149363263,0.0114661079824195,0.00128530653279702
"America_North","America_South_tropical",4322991,3952.45,17657094.33,0.0319548300424903,0.0194806580617503,0.0172943739976907
"America_North","Asia_Central",41552345.33,35636.19,296822119.77,0.307148021563546,0.175642052907327,0.290724660249902
"America_North","Asia_East",34718488.67,53534.16,131558061.33,0.256633290419058,0.263856763673932,0.128855533788846
"America_North","Asia_South",3366247,9817.13,42039881,0.0248827376152397,0.0483862294722895,0.0411762780015919
"America_North","Asia_Southeast",1942885,8035.62,40960918.33,0.0143614825862704,0.0396056029890731,0.0401194798899783
"America_North","Asia_West",45107546.33,39969.93,307717658.43,0.333427475701177,0.197001995997949,0.301396377632767
"America_North","Europe_Eastern_north",2793117,13069.86,41722197.33,0.0206462560351826,0.0644181390213533,0.0408651203388838
"America_North","Europe_Eastern_south",10912853,24049.2,61520524,0.0806659932656996,0.118532616948638,0.060256740475255
"America_North","Europe_Western_north",2793117,13069.86,41722197.33,0.0206462560351826,0.0644181390213533,0.0408651203388838
"America_North","Europe_Western_south",10644446.33,21594.52,59362281.33,0.0786819758291329,0.106434100400417,0.0581428334407699
"America_North","Mediterranean_SouthandEast",44041633.67,44062.76,159720789,0.325548426706987,0.217174552699457,0.156439729467778
"America_North","Not_Specified",179925,1064.09,1484040,0.0013299756569919,0.00524463900540877,0.00145355415267428
"America_North","Pacific_Region_tropical",36706.33,411.81,1043823,0.000271327082715083,0.0020297106342672,0.00102238029723385
"America_South_andean","Africa_Central",3328674.15,5979.83,16458943.23,0.235823633475207,0.206273301266927,0.108144396551573
"America_South_andean","Africa_East",1851837.67,2737.71,2366539.22,0.131195505557569,0.0944368785753906,0.0155494767972738
"America_South_andean","Africa_Southern",416367.71,412.32,1837682.02,0.0294980348959513,0.0142229139588214,0.012074591322749
"America_South_andean","Africa_West",3375263.01,6159.24,16991259.23,0.239124273234334,0.212462021177074,0.111642008262745
"America_South_andean","America_Caribbean",237547.21,171.41,708479.9,0.0168292970893826,0.00591276116046173,0.00465510635669281
"America_South_andean","America_Central_and_Mexico",4277032.09,6755.57,24495957.5,0.303011109679768,0.233032331327113,0.160952043200558
"America_South_andean","America_North",478365.94,1234.05,4103790.48,0.033890368662725,0.042568361881266,0.0269641822583583
"America_South_andean","America_South_andean",1200590.54,4147.36,10494899.47,0.0850571761308509,0.143062535012266,0.068957317258611
"America_South_andean","America_South_temperate",101192.24,254.3,193706.24,0.00716907712829,0.00877203875564681,0.00127275756045452
"America_South_andean","America_South_tropical",1804020.77,3764.69,15704572.6,0.127807863934696,0.129862393169469,0.103187762615995
"America_South_andean","Asia_Central",1455092.85,2818.49,16201416.76,0.103087676194077,0.0972233720503459,0.106452304641113
"America_South_andean","Asia_East",3268948.99,5625.12,18023687.87,0.231592337888317,0.194037635254282,0.118425637727597
"America_South_andean","Asia_South",3381187.92,9712.54,85543413.12,0.239544030092845,0.335032549334526,0.56206772582837
"America_South_andean","Asia_Southeast",3323565.14,9691.9,85150361.01,0.235461679962376,0.334320575760335,0.559485155206716
"America_South_andean","Asia_West",1960681.83,3631.8,18951827.2,0.138906691494395,0.125278373388746,0.12452402851466
"America_South_andean","Europe_Eastern_north",247971.24,993.76,4620046.95,0.0175677991233094,0.034279595886007,0.0303562739396901
"America_South_andean","Europe_Eastern_south",631507.88,1742.65,6661555.64,0.0447398802402527,0.0601124393925596,0.0437701196677942
"America_South_andean","Europe_Western_north",247971.24,993.76,4620046.95,0.0175677991233094,0.034279595886007,0.0303562739396901
"America_South_andean","Europe_Western_south",524503.79,1512.84,5971918.53,0.0371590561152755,0.0521851793593894,0.0392388209046645
"America_South_andean","Mediterranean_SouthandEast",1665099.55,2712.7,10037005.67,0.117965835129561,0.0935741625341844,0.0659487007275419
"America_South_andean","Not_Specified",369624.65,160.37,2948474.2,0.026186470665806,0.00553193808589492,0.0193731127601005
"America_South_andean","Pacific_Region_tropical",29461.86,30.22,287865,0.00208725833801962,0.00104243417693923,0.00189143289932343
"America_South_temperate","Africa_Central",1795520,1170.13,17673032.5,0.0481646535291199,0.0364426234154281,0.078078686849649
"America_South_temperate","Africa_East",1982666.73,898.43,16362360.87,0.0531848467932204,0.0279807766274884,0.072288196747767
"America_South_temperate","Africa_Southern",1880574.3,1067.49,16694799.33,0.0504462270513652,0.033245994949053,0.0737568953661348
"America_South_temperate","Africa_West",1809084.2,1230.42,17806915.5,0.0485285119063029,0.0383203000545333,0.0786701761049023
"America_South_temperate","America_Caribbean",462122.23,484.08,1331606.1,0.0123963849447816,0.0150762266952735,0.00588297767737271
"America_South_temperate","America_Central_and_Mexico",4766973.87,4668.88,42774747.24,0.12787362147507,0.145407976559719,0.188976967864731
"America_South_temperate","America_North",2173631.7,3694.8,9019367.67,0.0583074639828082,0.115071150210082,0.0398471730240851
"America_South_temperate","America_South_andean",477833.83,1605.08,5273988.9,0.0128178471230854,0.0499887414147448,0.0233002529572457
"America_South_temperate","America_South_temperate",179163.67,237.3,305402.93,0.00480604843753095,0.0073904904040415,0.00134925682586932
"America_South_temperate","America_South_tropical",968736.6,1224.67,3353107.37,0.0259862673208751,0.0381412215892015,0.0148138821289148
"America_South_temperate","Asia_Central",7885395.24,4980.17,68545408.37,0.211524978655081,0.155102817511569,0.302830624857536
"America_South_temperate","Asia_East",19947291.93,18665.82,62982519,0.535084212179569,0.581329808653881,0.278254022223015
"America_South_temperate","Asia_South",1085801.53,1929.24,34911023.47,0.029126522953706,0.0600844066881291,0.154235379192274
"America_South_temperate","Asia_Southeast",919319.53,1962.55,31878677.17,0.0246606591098976,0.0611218160238165,0.140838605481967
"America_South_temperate","Asia_West",8502729.71,7490.81,73331177.9,0.228084917201649,0.233294392850814,0.323973945929766
"America_South_temperate","Europe_Eastern_north",608565.57,871.2,8213356.9,0.0163247136366074,0.0271327233038389,0.0362862525930117
"America_South_temperate","Europe_Eastern_south",706189.68,1311.7,9963238.8,0.0189434711186954,0.0408516909523019,0.0440171545134358
"America_South_temperate","Europe_Western_north",608565.57,871.2,8213356.9,0.0163247136366074,0.0271327233038389,0.0362862525930117
"America_South_temperate","Europe_Western_south",520510.34,877.68,8439323.8,0.0139626404520275,0.0273345369482476,0.037284564502611
"America_South_temperate","Mediterranean_SouthandEast",6690283.01,6977.48,31114231.67,0.179466206552089,0.217307201788418,0.137461318601059
"America_South_temperate","Not_Specified",93912.6,61.22,967815.33,0.00251919657871749,0.00190664063436756,0.00427576592072468
"America_South_temperate","Pacific_Region_tropical",8635.87,58.05,126221.33,0.000231656392840247,0.00180791389782811,0.000557640331324927
"America_South_tropical","Africa_Central",9991886.81,18997.87,38214186.4,0.116813169799319,0.139147269987029,0.0338500119855546
"America_South_tropical","Africa_East",6565471.27,14048.81,14146344.69,0.0767556243238766,0.10289856484261,0.0125307898039741
"America_South_tropical","Africa_Southern",2599785.41,4184.18,12989796.02,0.0303935763399747,0.030646447424597,0.0115063224522009
"America_South_tropical","Africa_West",10108865.14,19646.42,39721131.4,0.118180740287753,0.143897484719001,0.0351848593581411
"America_South_tropical","America_Caribbean",1303920.97,3191.97,6835720.8,0.0152438818183032,0.0233791425765361,0.00605506103382341
"America_South_tropical","America_Central_and_Mexico",26593335.56,30473.69,124783689.93,0.310897419213313,0.22320032561182,0.110533019217497
"America_South_tropical","America_North",630440.9,2918.28,2791967.32,0.0073703597028773,0.0213745380433569,0.0024731162991678
"America_South_tropical","America_South_andean",5207974.37,12651.72,20645099.91,0.0608853969186736,0.0926657724597704,0.0182873677351527
"America_South_tropical","America_South_temperate",190228.24,565.23,691666.24,0.00222392067907598,0.0041399489213669,0.00061267588609458
"America_South_tropical","America_South_tropical",7575270.51,15134.35,61924883.83,0.0885609872476529,0.110849452361143,0.0548528768324
"America_South_tropical","Asia_Central",4086820.27,6258.36,21211444.4,0.0477782063805031,0.0458384918201896,0.0187890339900295
"America_South_tropical","Asia_East",33100751.39,44878.55,125727818.37,0.386974328886048,0.328706729411055,0.111369325365046
"America_South_tropical","Asia_South",17375221.72,39781.54,844044566.32,0.203130275960279,0.291374384964199,0.747652151669889
"America_South_tropical","Asia_Southeast",16920043.94,39143.18,842262141.17,0.197808882682404,0.286698805477187,0.746073284804602
"America_South_tropical","Asia_West",4842671.78,8404.43,22899938.8,0.0566147166872789,0.0615570845730121,0.0202846972779843
"America_South_tropical","Europe_Eastern_north",301092,1125.24,2683959.72,0.00352000694063271,0.00824166467505067,0.00237744349022031
"America_South_tropical","Europe_Eastern_south",614254.53,2131.17,4291156.84,0.00718112805692308,0.0156094597646082,0.00380109389077284
"America_South_tropical","Europe_Western_north",301092,1125.24,2683959.72,0.00352000694063271,0.00824166467505067,0.00237744349022031
"America_South_tropical","Europe_Western_south",559950.11,2100.42,4178894.07,0.0065462658377109,0.0153842356446357,0.00370165186496978
"America_South_tropical","Mediterranean_SouthandEast",4382748.88,5910.89,12772119.83,0.0512378491512569,0.0432934958863089,0.0113135055343332
"America_South_tropical","Not_Specified",681843.05,506.94,6753898.2,0.00797129205831499,0.00371301188223862,0.00598258281953676
"America_South_tropical","Pacific_Region_tropical",375659,1258.61,4096306.33,0.00439175496961442,0.009218514784993,0.00362849589196024
"Asia_Central","Africa_Central",207256.77,283.35,763385.03,0.00762033853164915,0.0212701751383293,0.00945827702121819
"Asia_Central","Africa_East",2474792.1,436.95,8198233.23,0.0909922199282123,0.0328004341863173,0.101575427767946
"Asia_Central","Africa_Southern",2522371.43,811.51,11401770.7,0.0927415987384149,0.0609174513022962,0.141266990542124
"Asia_Central","Africa_West",271505.77,324.86,1241149.7,0.00998262146368522,0.0243861976193318,0.0153777415407293
"Asia_Central","America_Caribbean",2301759,371.3,7821824.33,0.0846302043512027,0.0278722993783719,0.0969117528076813
"Asia_Central","America_Central_and_Mexico",3013066.17,832.88,13595374.47,0.110783277350407,0.0625216286190638,0.168445558782385
"Asia_Central","America_North",1093626.33,808.33,2466766.67,0.0402100392750743,0.0606787389079433,0.030563033848814
"Asia_Central","America_South_andean",727778.17,3580.8,13273257.8,0.0267586724976178,0.268799164056219,0.164454560035642
"Asia_Central","America_South_temperate",2166.67,6.57,14563.33,7.96633030919485e-05,0.000493188814747922,0.000180438447281862
"Asia_Central","America_South_tropical",2309249.33,371.3,7837400.33,0.0849056059716842,0.0278722993783719,0.0971047381520264
"Asia_Central","Asia_Central",20572057.33,6102.11,39096188.3,0.756385623239686,0.458065814058058,0.484398520907738
"Asia_Central","Asia_East",1166442.13,2278.78,8991585.13,0.0428873030694143,0.171060701258945,0.111404991815737
"Asia_Central","Asia_South",410304,743.32,2657439.1,0.0150859022886913,0.0557986468460313,0.032925449395853
"Asia_Central","Asia_Southeast",390159.33,771.56,2886314.33,0.0143452306811566,0.0579185330147499,0.0357611944570773
"Asia_Central","Asia_West",20806117.6,6389.59,39941205.23,0.764991462721838,0.479646015041884,0.494868210379589
"Asia_Central","Europe_Eastern_north",668698.88,586.8,2758376.77,0.0245864675075976,0.0440491927692665,0.034176058730878
"Asia_Central","Europe_Eastern_south",1245071.33,1355.07,6921453.5,0.0457783117562367,0.101720756042689,0.0857562331193214
"Asia_Central","Europe_Western_north",668698.88,586.8,2758376.77,0.0245864675075976,0.0440491927692665,0.034176058730878
"Asia_Central","Europe_Western_south",941859.67,1139.47,6267132.83,0.0346299401206887,0.0855363559727267,0.0776492544462276
"Asia_Central","Mediterranean_SouthandEast",20574628,5928.08,38845249.6,0.756480140661979,0.445001940476539,0.481289411288514
"Asia_Central","Not_Specified",400570.67,327.58,2663693.1,0.014728030892547,0.0245903792899733,0.033002935935628
"Asia_Central","Pacific_Region_tropical",28153,37.33,438739,0.00103511885610066,0.00280224329597259,0.00543593971447442
"Asia_East","Africa_Central",33823469.67,101576.73,222340999,0.191560081845788,0.133545169242398,0.13740734856439
"Asia_East","Africa_East",9789297,51405.68,64177228.67,0.0554419328598918,0.0675841822789584,0.0396617037317317
"Asia_East","Africa_Southern",9201167.33,79252.1,128399892.67,0.0521110454961669,0.104194485364073,0.0793514866222984
"Asia_East","Africa_West",35248848.33,108828.91,240138923.33,0.199632750186287,0.143079770380634,0.148406514724181
"Asia_East","America_Caribbean",5768271.33,48695.31,47402898,0.0326687515758791,0.0640207990084051,0.0292951212675276
"Asia_East","America_Central_and_Mexico",45619417.67,152001.64,344073323,0.258366733746816,0.199839911551809,0.212638259420472
"Asia_East","America_North",1961424,36270.11,19067172.67,0.0111085747748567,0.0476851142814933,0.0117835651228863
"Asia_East","America_South_andean",8414986.67,71100.22,151108684.33,0.047658491306886,0.0934770287749145,0.0933855822912746
"Asia_East","America_South_temperate",13674.33,2649.06,395368.33,7.74449161940847e-05,0.00348277766013206,0.00024433871474883
"Asia_East","America_South_tropical",15195201,98848.48,159005733.67,0.0860584078340417,0.129958278741143,0.0982659804912106
"Asia_East","Asia_Central",34170249.33,130898.01,260596459.67,0.193524077281507,0.172094503327121,0.161049328417031
"Asia_East","Asia_East",58661619.67,278796.8,479191411.67,0.332231576914731,0.366540307413312,0.296141609638094
"Asia_East","Asia_South",42056938.67,217360.62,449272522,0.238190543205986,0.285768805360564,0.277651653579449
"Asia_East","Asia_Southeast",43686792.33,222721.4,468512412.33,0.247421260916274,0.29281674116605,0.289541958690991
"Asia_East","Asia_West",39118092,144930.91,267086405,0.221546310247924,0.190543866734091,0.165060132470867
"Asia_East","Europe_Eastern_north",4894656,50844.31,69613169,0.0277210089063869,0.0668461367476876,0.0430211297982645
"Asia_East","Europe_Eastern_south",19787535.33,108845.88,180810177,0.11206721026327,0.143102081214248,0.111741186406327
"Asia_East","Europe_Western_north",4894656,50844.31,69613169,0.0277210089063869,0.0668461367476876,0.0430211297982645
"Asia_East","Europe_Western_south",16203762,82179.59,156040156.67,0.0917704187421902,0.108043321091562,0.0964332457532798
"Asia_East","Mediterranean_SouthandEast",40980189.33,115084.06,251754117.33,0.23209234589772,0.151303554168384,0.155584736544625
"Asia_East","Not_Specified",11679549,59735.31,175373277,0.0661474232002377,0.0785353307169575,0.108381167261097
"Asia_East","Pacific_Region_tropical",710049,7347.67,18269033,0.00402138059405423,0.00966014394918294,0.0112903126128589
"Asia_South","Africa_Central",64872825,69576.11,211025904,0.307483927204107,0.344592414719505,0.214222952643125
"Asia_South","Africa_East",34857663.33,19968.16,53866169.3,0.165218197509774,0.0988971138499325,0.0546822433468663
"Asia_South","Africa_Southern",30874995.33,16720.97,52602021.96,0.146341165449121,0.0828146245708822,0.0533989441375391
"Asia_South","Africa_West",76393875.67,71939.45,224013361.67,0.362091351892783,0.356297424347137,0.227407170678248
"Asia_South","America_Caribbean",12156783.67,14695.23,28925115.3,0.0576206691326046,0.0727816601209598,0.0293633316462837
"Asia_South","America_Central_and_Mexico",35043643,31689.73,91640302.63,0.166099703121896,0.156951007788581,0.0930286559061873
"Asia_South","America_North",1670676,1183.67,6866199,0.007918662669086,0.00586241029472669,0.00697022211650031
"Asia_South","America_South_andean",12856459.67,10089.92,65898029,0.0609369903233414,0.0499727549747554,0.0668963860746795
"Asia_South","America_South_temperate",0,0,0,0,0,0
"Asia_South","America_South_tropical",22404394,29698.26,73211797.96,0.106192246965477,0.147087773754061,0.0743209588492183
"Asia_South","Asia_Central",32763641.67,28151.93,108205507,0.155292962965614,0.139429202605815,0.109844823608889
"Asia_South","Asia_East",82676783.67,86093.52,268751857.67,0.391871051267707,0.426398859443306,0.272823456206553
"Asia_South","Asia_South",99439956,102557.06,625013746.67,0.471325060869226,0.50793850003878,0.634482723287798
"Asia_South","Asia_Southeast",82377046.33,95586.18,609160723.67,0.390450357557623,0.473413540653728,0.618389526523767
"Asia_South","Asia_West",47449541,32151.72,123261781,0.224901123247096,0.159239124351525,0.12512920060217
"Asia_South","Europe_Eastern_north",841155.67,1941.59,3455243.67,0.00398690590091617,0.00961619134060878,0.003507590713076
"Asia_South","Europe_Eastern_south",10261897.33,11534.28,31212645.33,0.0486392952918844,0.0571262951787746,0.0316855178234196
"Asia_South","Europe_Western_north",841155.67,1941.59,3455243.67,0.00398690590091617,0.00961619134060878,0.003507590713076
"Asia_South","Europe_Western_south",9893957.67,11282.8,30431974.33,0.0468953365290135,0.0558807800090754,0.0308930196348425
"Asia_South","Mediterranean_SouthandEast",51169187.33,36181.4,126710188,0.242531486366919,0.179197083509445,0.128629851069494
"Asia_South","Not_Specified",7659082.33,16623.76,50831409,0.0363024843392898,0.0823331686712223,0.0516015063391948
"Asia_South","Pacific_Region_tropical",2447493,1629.45,13898874.33,0.0116006164282897,0.00807024293489098,0.0141094426842893
"Asia_Southeast","Africa_Central",61980239.13,114418.63,451737465.54,0.566802738024456,0.611437829142068,0.520047315968459
"Asia_Southeast","Africa_East",4950532.66,3084.38,4589319.2,0.0452720981034314,0.0164825134809708,0.00528329685745577
"Asia_Southeast","Africa_Southern",1170276.76,896.27,4262732.68,0.0107020573189968,0.00478954679954795,0.00490732528964601
"Asia_Southeast","Africa_West",62194533.46,114484.48,452047636.21,0.568762437030011,0.611789722719617,0.520404389350081
"Asia_Southeast","America_Caribbean",905211.09,4441.81,2730541.01,0.00827805977363131,0.0237364375352294,0.00314344200274566
"Asia_Southeast","America_Central_and_Mexico",31609192.59,79553.39,372946349.8,0.289062726414724,0.425122657756803,0.429341737201008
"Asia_Southeast","America_North",854471.22,457.89,1733119.69,0.0078140490236456,0.00244690281281869,0.0019951948018285
"Asia_Southeast","America_South_andean",4042591.67,3053.4,9297579.24,0.0369690736827407,0.0163169605116089,0.0107035202913404
"Asia_Southeast","America_South_temperate",106.67,0,623.33,9.7548587926961e-07,0,7.17587355910634e-07
"Asia_Southeast","America_South_tropical",20901272.26,72095.43,340474095.4,0.191139926393547,0.385268318719285,0.391959164285613
"Asia_Southeast","Asia_Central",622602.67,2261.86,4622921.63,0.00569363563307919,0.0120870768005462,0.00532198050639914
"Asia_Southeast","Asia_East",51441765.26,68833.71,213374881.63,0.470429507976301,0.367838124037971,0.245640538922587
"Asia_Southeast","Asia_South",64310175.12,90065.88,431789491.09,0.588109756472446,0.481299995874535,0.497082892242105
"Asia_Southeast","Asia_Southeast",61636791.97,88840.86,429267980.76,0.563661950034813,0.474753653120251,0.494180089664648
"Asia_Southeast","Asia_West",2769474.89,2448.37,6056963.32,0.0253265552468994,0.0130837612523115,0.00697287198377504
"Asia_Southeast","Europe_Eastern_north",22026.33,133.89,106271.67,0.000201428460552476,0.000715490221687076,0.000122341627522352
"Asia_Southeast","Europe_Eastern_south",450796.67,1735.45,4419201.49,0.00412248791606602,0.00927401228789929,0.0050874546587609
"Asia_Southeast","Europe_Western_north",22026.33,133.89,106271.67,0.000201428460552476,0.000715490221687076,0.000122341627522352
"Asia_Southeast","Europe_Western_south",450796.67,1735.45,4419201.49,0.00412248791606602,0.00927401228789929,0.0050874546587609
"Asia_Southeast","Mediterranean_SouthandEast",927046.22,1859.75,5228864.85,0.00847773973038594,0.00993825483443527,0.00601955192614755
"Asia_Southeast","Not_Specified",4785728,4734.99,35708097.33,0.043764976900958,0.0253031521755627,0.041107726481373
"Asia_Southeast","Pacific_Region_tropical",7034265.59,7933.86,37382856.06,0.064327615581486,0.0423974848773935,0.0430357352228887
"Asia_West","Africa_Central",4488932.07,6605.93,16073557.33,0.0662070759224628,0.0561294215770376,0.0419281646333321
"Asia_West","Africa_East",7602770.43,10917.77,26061594.74,0.112132950829008,0.0927663652220254,0.0679821406320825
"Asia_West","Africa_Southern",6126007.83,10144.77,34381856.8,0.0903522395032393,0.0861983206198195,0.0896856945051906
"Asia_West","Africa_West",5402324.43,8193.85,20728687.74,0.0796786625676841,0.06962169762456,0.0540711563938318
"Asia_West","America_Caribbean",3902609.7,6932.39,17850086.8,0.0575594312131437,0.0589032945923496,0.0465622738454293
"Asia_West","America_Central_and_Mexico",7127739.43,13505.43,35485998.04,0.105126737994398,0.11475325564291,0.0925658668739274
"Asia_West","America_North",2071996.7,7588.01,12819722.44,0.0305597947772002,0.0644739820465517,0.0334404775484719
"Asia_West","America_South_andean",1763688.47,14092.36,38395339.31,0.0260125692739347,0.119740296287636,0.1001549361284
"Asia_West","America_South_temperate",15283.23,457.49,358513.05,0.000225411735613647,0.00388721180473892,0.000935187766776579
"Asia_West","America_South_tropical",4372922.5,8768.31,22456646.24,0.0644960555084867,0.0745027828796483,0.0585785673533425
"Asia_West","Asia_Central",40640233.27,48958.57,142305709.58,0.599401142110286,0.415992330427193,0.371207013919512
"Asia_West","Asia_East",7557885.13,29307.18,57983983.65,0.111470939370923,0.249017937134382,0.151252268720631
"Asia_West","Asia_South",10299041.32,21649.64,96669353.88,0.151900140160023,0.183953170946573,0.252163755742705
"Asia_West","Asia_Southeast",6487437.63,16074.86,88132182.43,0.0956829528747251,0.136585248970525,0.229894389807729
"Asia_West","Asia_West",46948409.95,58226.93,159045213.98,0.692440182548487,0.494743949921761,0.414872313513997
"Asia_West","Europe_Eastern_north",1595642.1,7729.76,31073491.33,0.0235340602202024,0.0656784067844077,0.08105576341741
"Asia_West","Europe_Eastern_south",4714848.17,18315.99,42200133.65,0.0695391032624993,0.1556277351275,0.110079810890612
"Asia_West","Europe_Western_north",1595642.1,7729.76,31073491.33,0.0235340602202024,0.0656784067844077,0.08105576341741
"Asia_West","Europe_Western_south",4349095.17,13496.36,39536086.25,0.0641446271906285,0.114676189453335,0.103130595126799
"Asia_West","Mediterranean_SouthandEast",44161299.18,40847.7,130708252.35,0.651333199534217,0.347075699220603,0.340954837249205
"Asia_West","Not_Specified",1336777.87,2454.66,12180713.62,0.0197160822552964,0.0208568128890695,0.0317736114990315
"Asia_West","Pacific_Region_tropical",272052.7,1407.95,4226267.4,0.00401249417075964,0.0119631027136815,0.0110242948523259
"Europe_Eastern_north","Africa_Central",325467.33,475.4,1496706,0.00287049413864326,0.00490709954289862,0.00273826370934789
"Europe_Eastern_north","Africa_East",1983265.33,764.6,3606151,0.0174916219859591,0.00789223456142256,0.00659754982857595
"Europe_Eastern_north","Africa_Southern",941693,679.94,5846922.67,0.00830536274378565,0.00701837034749366,0.0106971016075465
"Europe_Eastern_north","Africa_West",845370.67,615.31,2315450.67,0.00745583758964664,0.00635125666752408,0.00423617900940215
"Europe_Eastern_north","America_Caribbean",103919.67,322.21,672648.33,0.000916530711776024,0.00332586567883333,0.0012306281335095
"Europe_Eastern_north","America_Central_and_Mexico",12509446.33,8974.79,130285910.67,0.110328407978575,0.092638173972678,0.238361562676305
"Europe_Eastern_north","America_North",13153377.67,11078.07,23164516.33,0.116007629721534,0.114348321904078,0.0423801029801681
"Europe_Eastern_north","America_South_andean",5421999.67,24066.2,78997149.67,0.0478199095204446,0.248412366468883,0.144527400894554
"Europe_Eastern_north","America_South_temperate",94487.33,718.19,498129.33,0.000833341174184984,0.00741318851643744,0.000911340949325237
"Europe_Eastern_north","America_South_tropical",199636.67,507.38,2583218,0.00176071709284388,0.00523719849826652,0.00472606651054665
"Europe_Eastern_north","Asia_Central",59563777.33,31701.17,189321393,0.5253291434849,0.327220859941841,0.346368558591393
"Europe_Eastern_north","Asia_East",6081976.67,15619.83,29470908,0.0536406476883565,0.161228566792499,0.0539178154279667
"Europe_Eastern_north","Asia_South",1424500.33,4453.8,13170593,0.0125635339429011,0.0459723179305046,0.024095952606919
"Europe_Eastern_north","Asia_Southeast",1216133,5218.61,7071013,0.01072581585473,0.05386672012109,0.0129366076478795
"Europe_Eastern_north","Asia_West",64666997.67,33488.65,197141811.33,0.57033754440236,0.345671306494093,0.360676223359863
"Europe_Eastern_north","Europe_Eastern_north",7647274.33,9499.89,91020336,0.0674459588336011,0.0980582790841127,0.166524142270727
"Europe_Eastern_north","Europe_Eastern_south",10813014.67,18053.98,109941569.33,0.0953665464097383,0.186353969300591,0.201141045365686
"Europe_Eastern_north","Europe_Western_north",7647274.33,9499.89,91020336,0.0674459588336011,0.0980582790841127,0.166524142270727
"Europe_Eastern_north","Europe_Western_south",10344911,16313.68,107279140.67,0.0912380557221709,0.168390516766921,0.196270060831378
"Europe_Eastern_north","Mediterranean_SouthandEast",66570164.67,39973.92,251395185.67,0.587122730547953,0.412612546402747,0.459934224640601
"Europe_Eastern_north","Not_Specified",1843689.83,1118.52,8658785.97,0.0162606208447748,0.011545412243843,0.01584148081765
"Europe_Eastern_north","Pacific_Region_tropical",25162,37.04,179024.33,0.000221918966541255,0.000382328496148433,0.000327529806073685
"Europe_Eastern_south","Africa_Central",158386,707.92,1193751.67,0.00506528803239303,0.0089970418247046,0.00604044617584696
"Europe_Eastern_south","Africa_East",2628730,13781.72,10394227.2,0.0840685073768675,0.175153564324172,0.0525953357963675
"Europe_Eastern_south","Africa_Southern",1107656.33,6500.66,12385146.67,0.0354235750151743,0.0826176826593177,0.0626694929273735
"Europe_Eastern_south","Africa_West",274990.67,1512.95,3026298.67,0.00879438176209224,0.0192282665113104,0.0153132302869761
"Europe_Eastern_south","America_Caribbean",893847.33,5424.14,7327732.33,0.0285858231373699,0.0689360583724901,0.0370787106252833
"Europe_Eastern_south","America_Central_and_Mexico",4468393.33,12009.78,32030343.13,0.142902145760824,0.152633762240791,0.162075219271253
"Europe_Eastern_south","America_North",2563030,8958.97,11745128,0.0819673783394007,0.113860644982871,0.059430964827411
"Europe_Eastern_south","America_South_andean",1091430.33,11933.86,22715699.47,0.0349046569061646,0.151668885679412,0.114942632913971
"Europe_Eastern_south","America_South_temperate",23565,435.28,377928,0.000753624136497808,0.00553202673389284,0.00191233553821583
"Europe_Eastern_south","America_South_tropical",958409.33,6005.38,7940992.67,0.030650558189378,0.0763231085902991,0.0401818401694301
"Europe_Eastern_south","Asia_Central",17582916.67,23828.8,78856949.3,0.562313192978641,0.302843132320772,0.39902030699412
"Europe_Eastern_south","Asia_East",2814351,18626.61,29531624,0.09000478854983,0.236727863632135,0.149431569178329
"Europe_Eastern_south","Asia_South",1686699.67,6915.4,13004088.77,0.0539417603367234,0.0878886640221525,0.0658013724756682
"Europe_Eastern_south","Asia_Southeast",917021.67,5242.41,8692489.33,0.0293269537111618,0.0666264295856165,0.0439844527564004
"Europe_Eastern_south","Asia_West",21243491.1,38666.05,90466492.63,0.679380761147311,0.4914115564557,0.457765206267038
"Europe_Eastern_south","Europe_Eastern_north",1714980.54,6379.22,31910163.43,0.0548462010850008,0.0810742868530231,0.161467103674414
"Europe_Eastern_south","Europe_Eastern_south",4599014,20986.05,42336139.8,0.147079480351849,0.266714275038623,0.214223091939241
"Europe_Eastern_south","Europe_Western_north",1714980.54,6379.22,31910163.43,0.0548462010850008,0.0810742868530231,0.161467103674414
"Europe_Eastern_south","Europe_Western_south",3940860.33,17727.22,39610911.47,0.126031294854858,0.225297406169821,0.200433293392397
"Europe_Eastern_south","Mediterranean_SouthandEast",19341290,32509.88,83824911.23,0.618547123912739,0.413172039321008,0.424158455401335
"Europe_Eastern_south","Not_Specified",303248,210.64,1843096.77,0.00969806968574952,0.00267704951118174,0.00932616650166646
"Europe_Eastern_south","Pacific_Region_tropical",109778.33,801.45,1821131.33,0.00351078290483435,0.0101857260289432,0.00921502022109305
"Europe_Western_north","Africa_Central",84660.67,115.29,790911.67,0.00210743675022865,0.00119247823331593,0.00142114021864199
"Europe_Western_north","Africa_East",542122.2,2020.74,3479664.27,0.0134949114789052,0.0209011056049166,0.00625239331905232
"Europe_Western_north","Africa_Southern",101703.33,209.07,1311269.59,0.0025316753961743,0.00216247223730906,0.00235613915246843
"Europe_Western_north","Africa_West",115134.33,115.29,1132752.33,0.00286600989875172,0.00119247823331593,0.00203537253903893
"Europe_Western_north","America_Caribbean",2357,523.14,449999,5.86722077711991e-05,0.00541099022445049,0.000808575346029065
"Europe_Western_north","America_Central_and_Mexico",6619920.71,10139.48,188686099.46,0.164788020078907,0.104875611042955,0.339038371555813
"Europe_Western_north","America_North",1769374.67,17615.52,10449481.06,0.0440445983297992,0.182202482162733,0.0187760256443096
"Europe_Western_north","America_South_andean",1048139.7,10816.44,42955613.2,0.026091077747833,0.111877606574445,0.0771842822030286
"Europe_Western_north","America_South_temperate",34137,1694.45,455720.77,0.000849763749124066,0.0175261925790804,0.000818856440337383
"Europe_Western_north","America_South_tropical",10300.67,668.9,735454.96,0.000256411985754161,0.00691862859107492,0.00132149348947618
"Europe_Western_north","Asia_Central",22128768.14,38392.16,187933283.33,0.550845855761888,0.39710135423699,0.337685682854702
"Europe_Western_north","Asia_East",1457240.46,22819.04,19173405.15,0.0362747200007288,0.236024013402425,0.0344515047893811
"Europe_Western_north","Asia_South",809451,1738.72,27265300.8,0.0201494600138332,0.0179840901537955,0.0489913311561727
"Europe_Western_north","Asia_Southeast",120097.84,2438.95,3108440.49,0.00298956530392542,0.0252267741100346,0.00558536428928177
"Europe_Western_north","Asia_West",24480033.25,53837.31,199945213.92,0.609375306359721,0.556855063884831,0.359269177336437
"Europe_Western_north","Europe_Eastern_north",3281447.23,11380.48,125890103.55,0.0816842399952421,0.117711637476688,0.226204133874911
"Europe_Western_north","Europe_Eastern_south",7115735.21,24447.32,146520115.21,0.177130205636808,0.252865790293254,0.263272924731264
"Europe_Western_north","Europe_Western_north",3281447.23,11380.48,125890103.55,0.0816842399952421,0.117711637476688,0.226204133874911
"Europe_Western_north","Europe_Western_south",6989402.7,22167.88,144784121.12,0.173985442261765,0.229288874826608,0.260153624417206
"Europe_Western_north","Mediterranean_SouthandEast",28221016.66,61317.22,280713765.76,0.702498664823925,0.63422196354796,0.50439718818156
"Europe_Western_north","Not_Specified",489211.51,1660.03,4323796.89,0.0121778189897251,0.0171701764389925,0.00776916296812025
"Europe_Western_north","Pacific_Region_tropical",15581.33,0,292610,0.000387862126054993,0,0.000525772795054133
"Europe_Western_south","Africa_Central",555869.67,1450.6,4531781.67,0.0145752044734302,0.0131097144647073,0.0119358471615832
"Europe_Western_south","Africa_East",4757997.33,17660.86,16660715.6,0.124757272633322,0.159609011306474,0.0438811420066062
"Europe_Western_south","Africa_Southern",348896.33,2035.69,6095394.63,0.00914825115351116,0.0183974318479664,0.016054104983662
"Europe_Western_south","Africa_West",642996.67,2079.61,6419754.33,0.0168597217059616,0.0187943563338963,0.0169084064673822
"Europe_Western_south","America_Caribbean",95378,1245.38,1391977,0.00250086293117382,0.0112550504619173,0.00366620149298567
"Europe_Western_south","America_Central_and_Mexico",5193565.4,9692.86,99582739.5,0.13617810385505,0.0875986674109905,0.262281911432806
"Europe_Western_south","America_North",4438910.67,26254.67,25104344.77,0.116390647207898,0.23727507725432,0.0661200481589861
"Europe_Western_south","America_South_andean",629815.67,14573.68,24931724.87,0.0165141087313154,0.131708798772932,0.0656654003199061
"Europe_Western_south","America_South_temperate",17932.33,1282.03,476732.1,0.000470195426267863,0.0115862727389968,0.00125562127590772
"Europe_Western_south","America_South_tropical",129322,2122.44,2448494.33,0.00339089303597539,0.01918143000722,0.0064488663018232
"Europe_Western_south","Asia_Central",17584501.33,25086.44,133480907.47,0.461075169739077,0.22671726550118,0.35156320991769
"Europe_Western_south","Asia_East",4668620.07,38964.08,51047653.43,0.12241375236215,0.352135642616857,0.134449766927529
"Europe_Western_south","Asia_South",885626.67,4074.02,9581013.73,0.0232216120055139,0.0368187225448137,0.0252345597960614
"Europe_Western_south","Asia_Southeast",684186.33,5039.37,8841012.37,0.0179397369489071,0.0455430179112174,0.0232855375846
"Europe_Western_south","Asia_West",25260295.33,63760.72,166508443.23,0.662338654839692,0.576233857206778,0.438551429488092
"Europe_Western_south","Europe_Eastern_north",1757885.67,7160.48,53447342.03,0.0460927164476572,0.0647124281195693,0.140770088260439
"Europe_Western_south","Europe_Eastern_south",7671985.67,31770.95,77358898.3,0.201163628620853,0.28712814199124,0.203748559382222
"Europe_Western_south","Europe_Western_north",1757885.67,7160.48,53447342.03,0.0460927164476572,0.0647124281195693,0.140770088260439
"Europe_Western_south","Europe_Western_south",7459253.33,29052.93,74641694.93,0.195585671194949,0.262564191826229,0.196591964803547
"Europe_Western_south","Mediterranean_SouthandEast",24768745.67,64704.36,162122937.27,0.64944995594136,0.584761949690906,0.427000844601955
"Europe_Western_south","Not_Specified",470707,289.25,5507355.3,0.012342193039737,0.00261408031774203,0.0145053217282057
"Europe_Western_south","Pacific_Region_tropical",74934,628.51,1847550,0.0019648101541716,0.00568012314781,0.00486609374175412
"Mediterranean_SouthandEast","Africa_Central",817529.67,2476.06,6898729.33,0.0174054907265304,0.0249103585847758,0.0211961245517457
"Mediterranean_SouthandEast","Africa_East",6179539.67,10228.95,16482654.07,0.131564546667048,0.102908173649161,0.0506424258583077
"Mediterranean_SouthandEast","Africa_Southern",1662248.33,8459.72,20479965,0.0353898444970267,0.085108865991454,0.0629240354550035
"Mediterranean_SouthandEast","Africa_West",1016447.33,3836.37,10652429.3,0.0216405168222476,0.0385957336913792,0.0327292472890026
"Mediterranean_SouthandEast","America_Caribbean",1049434.67,6089.17,9046020.36,0.0223428287523613,0.0612599889274328,0.027793607355253
"Mediterranean_SouthandEast","America_Central_and_Mexico",3363636.33,12829.87,26135705.03,0.0716129861675058,0.129074684093301,0.0803011152582162
"Mediterranean_SouthandEast","America_North",1608913,7858.91,11629453.18,0.0342543167898654,0.0790644274312741,0.035731121816889
"Mediterranean_SouthandEast","America_South_andean",1529747.67,15254.77,43393952.51,0.0325688594080218,0.153470348387471,0.133326526987325
"Mediterranean_SouthandEast","America_South_temperate",21895,725.5,782690.02,0.000466152157459169,0.00729888013749863,0.0024047899773636
"Mediterranean_SouthandEast","America_South_tropical",1367256.33,7699.4,12254990.23,0.0291093623214983,0.0774596798492859,0.0376530643354733
"Mediterranean_SouthandEast","Asia_Central",29136840.33,33899.78,139987202.31,0.620333454275991,0.341048147357096,0.430106188238173
"Mediterranean_SouthandEast","Asia_East",3469939.33,24178.47,47150914.03,0.0738762139726843,0.243247077102835,0.144869670732325
"Mediterranean_SouthandEast","Asia_South",4483410.67,17822.31,94845922.52,0.0954533709338185,0.179301039921907,0.291411054238178
"Mediterranean_SouthandEast","Asia_Southeast",1733672.67,10069.19,37205208.03,0.0369104935121488,0.101300910946519,0.114311808110536
"Mediterranean_SouthandEast","Asia_West",36847648.67,45837.45,157849667.99,0.784499242969535,0.461146868860905,0.48498804100316
"Mediterranean_SouthandEast","Europe_Eastern_north",2728177.67,10405.68,87715150.13,0.0580838505047923,0.104686162741787,0.26950198482864
"Mediterranean_SouthandEast","Europe_Eastern_south",8458161.1,20159.38,101672789.85,0.180077188623074,0.202813092027963,0.312386385100293
"Mediterranean_SouthandEast","Europe_Western_north",2728177.67,10405.68,87715150.13,0.0580838505047923,0.104686162741787,0.26950198482864
"Mediterranean_SouthandEast","Europe_Western_south",8268636.1,17531.32,100051574.45,0.176042135522255,0.176373540085641,0.307405252793192
"Mediterranean_SouthandEast","Mediterranean_SouthandEast",34468136.77,38835.84,162122329.16,0.733838607852624,0.390707293175844,0.498115655378883
"Mediterranean_SouthandEast","Not_Specified",641708.33,676.4,5059832.42,0.0136621933084732,0.00680491044108073,0.0155461727885012
"Mediterranean_SouthandEast","Pacific_Region_tropical",190112.33,1379.65,3847384.64,0.00404755756058869,0.0138799448403859,0.0118209658803809
"Pacific_Region_ausnz","Africa_Central",673063.33,480.27,2411660.67,0.0268267545289535,0.0226229679626893,0.0271977157986812
"Pacific_Region_ausnz","Africa_East",1348826.33,3441.61,4790072.33,0.0537611116878099,0.162115961376041,0.0540204629561201
"Pacific_Region_ausnz","Africa_Southern",1020172.67,3408.92,4652403.33,0.0406617335626309,0.160576109162286,0.0524678886728199
"Pacific_Region_ausnz","Africa_West",715461.67,573.29,2529705.67,0.0285166547343549,0.0270046459352659,0.0285289786920863
"Pacific_Region_ausnz","America_Caribbean",322698.67,2829.61,2113218.33,0.0128620259358206,0.133287893012067,0.0238320060010365
"Pacific_Region_ausnz","America_Central_and_Mexico",527003.33,3535.72,3693123,0.0210051392487109,0.166548983457305,0.0416495201887474
"Pacific_Region_ausnz","America_North",255674.33,1766.46,2378143.33,0.0101905900745843,0.0832085451670356,0.02681972104221
"Pacific_Region_ausnz","America_South_andean",729803,1278.09,2981357,0.0290882671256119,0.0602040292407054,0.0336225163801377
"Pacific_Region_ausnz","America_South_temperate",1855.33,208.07,35652.33,7.39491816917189e-05,0.00980107219688252,0.000402072294399857
"Pacific_Region_ausnz","America_South_tropical",362965.33,3216.17,2618584.33,0.0144669622848575,0.15149668076824,0.0295313156150696
"Pacific_Region_ausnz","Asia_Central",18457486.67,9494.95,41193972.67,0.735672918204475,0.447256646589079,0.46456865811777
"Pacific_Region_ausnz","Asia_East",428348.33,3600.99,4727176.67,0.0170729781130658,0.16962350636926,0.0533111516060907
"Pacific_Region_ausnz","Asia_South",1134180,2122.04,30512694.33,0.0452058032215906,0.0999580297239995,0.344109600062173
"Pacific_Region_ausnz","Asia_Southeast",479384.33,1888.05,29906154,0.0191071555568729,0.0889360040434663,0.337269288022844
"Pacific_Region_ausnz","Asia_West",19859626.33,11080.18,44291902,0.791558976466081,0.521928409354802,0.499505829225569
"Pacific_Region_ausnz","Europe_Eastern_north",908784,1175.16,2213331.67,0.0362220376615088,0.0553555438212547,0.0249610430180795
"Pacific_Region_ausnz","Europe_Eastern_south",2919679,2960.32,4972859.33,0.116371682047127,0.139444946632745,0.0560818594616631
"Pacific_Region_ausnz","Europe_Western_north",908784,1175.16,2213331.67,0.0362220376615088,0.0553555438212547,0.0249610430180795
"Pacific_Region_ausnz","Europe_Western_south",2891306,2658.01,4790497,0.115240799599186,0.125204728745305,0.0540252522094806
"Pacific_Region_ausnz","Mediterranean_SouthandEast",21720127,10986.3,39538226.33,0.865714249157944,0.517506221351518,0.445895832811038
"Pacific_Region_ausnz","Not_Specified",30912.33,97.44,318343,0.00123209429464536,0.00458988068853863,0.00359014124507806
"Pacific_Region_ausnz","Pacific_Region_tropical",3898.33,74.35,79711.67,0.000155378457451924,0.0035022334687279,0.000898955385169616
"Pacific_Region_tropical","Africa_Central",17689,3.55,238865.33,0.0381246795777909,0.0124890061565523,0.0561034745015903
"Pacific_Region_tropical","Africa_East",428.33,0.06,1369.33,0.0009231694275287,0.000211081794195251,0.000321621269772648
"Pacific_Region_tropical","Africa_Southern",768.33,0.46,6810,0.00165596331392414,0.00161829375549692,0.00159949818316384
"Pacific_Region_tropical","Africa_West",26316,5.43,289066.67,0.0567182468070069,0.0191029023746702,0.0678945100555389
"Pacific_Region_tropical","America_Caribbean",593.33,0.93,1012.67,0.00127878999004413,0.00327176781002639,0.000237850781959548
"Pacific_Region_tropical","America_Central_and_Mexico",51651,36.84,422273.67,0.111322167724149,0.129604221635884,0.0991814930929405
"Pacific_Region_tropical","America_North",275,0,1902,0.000592700937525722,0,0.000446732091685406
"Pacific_Region_tropical","America_South_andean",568.33,6.3,6280.33,0.0012249080866327,0.0221635883905013,0.00147509198600137
"Pacific_Region_tropical","America_South_temperate",0,0,0,0,0,0
"Pacific_Region_tropical","America_South_tropical",61120,42.02,480476,0.131730477460262,0.147827616534741,0.11285176050717
"Pacific_Region_tropical","Asia_Central",69.33,0,864,0.000149425294540576,0,0.000202931928084222
"Pacific_Region_tropical","Asia_East",5525,6.11,21227.67,0.0119079006539259,0.021495162708883,0.00498584722434676
"Pacific_Region_tropical","Asia_South",372336.67,197.65,3629397,0.802488339578928,0.695338610378188,0.852454318279042
"Pacific_Region_tropical","Asia_Southeast",370407.33,196.5,3626784.67,0.798330079117816,0.691292875989446,0.851840747487731
"Pacific_Region_tropical","Asia_West",147.33,0,2069.67,0.000317536833184235,0,0.000486113568979251
"Pacific_Region_tropical","Europe_Eastern_north",35.67,0,499.33,7.68786997874273e-05,0,0.000117280092187841
"Pacific_Region_tropical","Europe_Eastern_south",198,0.41,2436.67,0.00042674467501852,0.00144239226033421,0.000572312663431692
"Pacific_Region_tropical","Europe_Western_north",35.67,0,499.33,7.68786997874273e-05,0,0.000117280092187841
"Pacific_Region_tropical","Europe_Western_south",198,0.41,2436.67,0.00042674467501852,0.00144239226033421,0.000572312663431692
"Pacific_Region_tropical","Mediterranean_SouthandEast",207.33,0.41,2445.33,0.000446853401371665,0.00144239226033421,0.00057434668021087
"Pacific_Region_tropical","Not_Specified",34836.67,38.01,181200.67,0.0750826435246334,0.133720316622691,0.0425594922838575
"Pacific_Region_tropical","Pacific_Region_tropical",301434.33,116.77,1516611.67,0.649674218157956,0.41080035180299,0.356214039754783
